tags_power,ts,cooling_kw,energy_reuse,ere,hvac_kw,it_power_kw,plug_and_light_kw,pue,pump_kw,day_power,tags_weather,outdoor_air_humidity,outdoor_air_temp,unit,day_weather,hour_of_day,minute_of_day,day_of_week,month,date,is_weekend,total_facility_kw,cooling_to_it_ratio,load_level,pue_category
,2016-07-28 08:45:24+00:00,7.47,,0.936,9.06,887.73,2.46,1.034,11.52,28,,63.9,67.4,,28,8,525,Thursday,7,2016-07-28,False,918.24,0.008414720692102327,Low,Excellent
,2016-07-28 08:46:22+00:00,7.77,,0.936,9.44,885.44,2.46,1.035,11.22,28,,63.9,67.4,,28,8,526,Thursday,7,2016-07-28,False,916.3300000000002,0.008775298156848571,Low,Excellent
,2016-07-28 08:47:22+00:00,7.77,,0.941,9.34,885.08,2.44,1.035,11.22,28,,63.9,67.3,,28,8,527,Thursday,7,2016-07-28,False,915.8500000000001,0.008778867447010438,Low,Excellent
,2016-07-28 08:48:22+00:00,7.67,,0.947,10.06,887.15,2.46,1.036,11.72,28,,63.9,67.1,,28,8,528,Thursday,7,2016-07-28,False,919.0600000000001,0.008645663078397115,Low,Excellent
,2016-07-28 08:49:23+00:00,7.67,,0.95,10.01,885.13,2.44,1.036,11.72,28,,63.9,67.0,,28,8,529,Thursday,7,2016-07-28,False,916.97,0.008665393783963938,Low,Excellent
,2016-07-28 08:50:26+00:00,7.37,,0.95,9.74,884.73,2.44,1.035,11.62,28,,63.9,66.9,,28,8,530,Thursday,7,2016-07-28,False,915.9000000000001,0.008330225040407807,Low,Excellent
,2016-07-28 08:51:23+00:00,7.37,,0.953,9.69,886.88,2.46,1.035,11.62,28,,63.9,66.9,,28,8,531,Thursday,7,2016-07-28,False,918.02,0.008310030669312646,Low,Excellent
,2016-07-28 08:52:22+00:00,7.37,,0.946,9.77,887.52,2.46,1.035,11.62,28,,64.2,66.8,,28,8,532,Thursday,7,2016-07-28,False,918.74,0.00830403821885704,Low,Excellent
,2016-07-28 08:53:21+00:00,7.47,,0.951,8.69,887.3,2.46,1.034,11.82,28,,64.2,66.7,,28,8,533,Thursday,7,2016-07-28,False,917.74,0.008418798602501972,Low,Excellent
,2016-07-28 08:54:22+00:00,7.17,,0.949,9.39,889.45,2.44,1.035,11.92,28,,64.4,66.6,,28,8,534,Thursday,7,2016-07-28,False,920.37,0.008061161391871382,Low,Excellent
,2016-07-28 08:55:25+00:00,7.27,,0.945,9.29,888.95,2.46,1.035,11.92,28,,64.4,66.5,,28,8,535,Thursday,7,2016-07-28,False,919.89,0.008178187749592215,Low,Excellent
,2016-07-28 08:56:22+00:00,7.27,,0.944,8.67,887.79,2.46,1.033,11.32,28,,64.5,66.5,,28,8,536,Thursday,7,2016-07-28,False,917.5100000000001,0.008188873494858018,Low,Excellent
,2016-07-28 08:57:21+00:00,7.37,,0.949,8.54,887.99,2.44,1.033,11.32,28,,64.5,66.5,,28,8,537,Thursday,7,2016-07-28,False,917.6600000000001,0.008299643013997906,Low,Excellent
,2016-07-28 08:58:23+00:00,7.17,,0.945,8.07,888.76,2.46,1.033,11.22,28,,64.5,66.6,,28,8,538,Thursday,7,2016-07-28,False,917.6800000000001,0.008067419775867501,Low,Excellent
,2016-07-28 08:59:24+00:00,7.17,,0.939,7.99,886.74,2.46,1.032,10.92,28,,64.5,66.6,,28,8,539,Thursday,7,2016-07-28,False,915.28,0.00808579741525137,Low,Excellent
,2016-07-28 09:00:22+00:00,7.27,,0.944,8.74,886.68,2.41,1.033,11.02,28,,64.5,66.6,,28,9,540,Thursday,7,2016-07-28,False,916.1199999999999,0.008199124825190598,Low,Excellent
,2016-07-28 09:01:24+00:00,7.27,,0.944,8.77,887.54,2.41,1.033,11.22,28,,64.8,66.6,,28,9,541,Thursday,7,2016-07-28,False,917.2099999999999,0.008191180115825765,Low,Excellent
,2016-07-28 09:02:21+00:00,7.17,,0.94,9.54,886.37,2.44,1.034,11.32,28,,64.8,66.7,,28,9,542,Thursday,7,2016-07-28,False,916.8400000000001,0.008089172693119127,Low,Excellent
,2016-07-28 09:03:21+00:00,7.07,,0.936,9.44,881.22,2.44,1.034,11.32,28,,64.6,66.7,,28,9,543,Thursday,7,2016-07-28,False,911.4900000000001,0.008022968157781259,Low,Excellent
,2016-07-28 09:04:23+00:00,7.07,,0.935,8.79,881.93,2.46,1.034,11.32,28,,64.7,66.7,,28,9,544,Thursday,7,2016-07-28,False,911.57,0.008016509246765616,Low,Excellent
,2016-07-28 09:05:24+00:00,7.07,,0.933,8.74,879.59,2.44,1.034,11.52,28,,64.8,66.7,,28,9,545,Thursday,7,2016-07-28,False,909.36,0.008037835809865961,Low,Excellent
,2016-07-28 09:06:24+00:00,6.67,,0.932,8.87,878.34,2.41,1.033,11.22,28,,64.8,66.7,,28,9,546,Thursday,7,2016-07-28,False,907.51,0.007593870255254229,Low,Excellent
,2016-07-28 09:07:22+00:00,6.67,,0.923,8.89,882.32,2.46,1.033,11.22,28,,64.8,66.7,,28,9,547,Thursday,7,2016-07-28,False,911.5600000000001,0.007559615558980868,Low,Excellent
,2016-07-28 09:08:23+00:00,6.77,,0.928,9.67,877.7,2.44,1.034,11.12,28,,64.9,66.7,,28,9,548,Thursday,7,2016-07-28,False,907.7000000000002,0.007713341688504044,Low,Excellent
,2016-07-28 09:09:23+00:00,6.77,,0.931,9.64,884.3,2.44,1.034,11.62,28,,64.9,66.6,,28,9,549,Thursday,7,2016-07-28,False,914.77,0.007655772927739455,Low,Excellent
,2016-07-28 09:10:23+00:00,6.77,,0.94,10.06,880.28,2.44,1.035,11.92,28,,64.8,66.5,,28,9,550,Thursday,7,2016-07-28,False,911.47,0.0076907347662107505,Low,Excellent
,2016-07-28 09:11:24+00:00,6.77,,0.944,10.02,880.13,2.44,1.035,11.92,28,,64.5,66.5,,28,9,551,Thursday,7,2016-07-28,False,911.28,0.0076920454932794015,Low,Excellent
,2016-07-28 09:12:22+00:00,6.77,,0.949,9.24,887.09,2.44,1.033,11.03,28,,64.4,66.4,,28,9,552,Thursday,7,2016-07-28,False,916.57,0.007631694642031811,Low,Excellent
,2016-07-28 09:13:22+00:00,6.77,,0.945,9.39,887.17,2.46,1.034,11.52,28,,64.3,66.3,,28,9,553,Thursday,7,2016-07-28,False,917.31,0.007631006458739587,Low,Excellent
,2016-07-28 09:14:23+00:00,6.37,,0.947,8.37,885.46,2.44,1.033,11.82,28,,65.0,66.2,,28,9,554,Thursday,7,2016-07-28,False,914.4600000000002,0.007194000858310934,Low,Excellent
,2016-07-28 09:15:24+00:00,6.37,,0.946,8.34,886.77,2.44,1.033,11.82,28,,65.2,66.1,,28,9,555,Thursday,7,2016-07-28,False,915.7400000000001,0.007183373366261827,Low,Excellent
,2016-07-28 09:16:21+00:00,6.47,,0.946,9.64,886.29,2.44,1.034,11.73,28,,65.3,66.0,,28,9,556,Thursday,7,2016-07-28,False,916.57,0.0073000936488056955,Low,Excellent
,2016-07-28 09:17:22+00:00,6.47,,0.947,9.64,886.38,2.44,1.034,11.72,28,,65.6,65.9,,28,9,557,Thursday,7,2016-07-28,False,916.6500000000001,0.007299352422211692,Low,Excellent
,2016-07-28 09:18:22+00:00,6.37,,0.945,8.99,887.18,2.46,1.033,11.22,28,,65.6,65.9,,28,9,558,Thursday,7,2016-07-28,False,916.22,0.0071800536531481775,Low,Excellent
,2016-07-28 09:19:24+00:00,6.37,,0.942,8.89,887.93,2.44,1.033,11.42,28,,65.7,65.9,,28,9,559,Thursday,7,2016-07-28,False,917.05,0.00717398894056964,Low,Excellent
,2016-07-28 09:20:23+00:00,6.77,,0.943,8.59,888.92,2.46,1.033,11.12,28,,65.7,65.9,,28,9,560,Thursday,7,2016-07-28,False,917.86,0.0076159834405795795,Low,Excellent
,2016-07-28 09:21:22+00:00,6.77,,0.948,8.54,890.01,2.44,1.033,11.32,28,,65.8,65.9,,28,9,561,Thursday,7,2016-07-28,False,919.08,0.007606656104987584,Low,Excellent
,2016-07-28 09:22:23+00:00,6.97,,0.943,9.24,887.65,2.44,1.034,11.72,28,,65.8,65.9,,28,9,562,Thursday,7,2016-07-28,False,918.0200000000001,0.007852193995381063,Low,Excellent
,2016-07-28 09:23:21+00:00,7.07,,0.941,9.34,886.06,2.44,1.035,11.72,28,,66.1,65.9,,28,9,563,Thursday,7,2016-07-28,False,916.63,0.007979143624585244,Low,Excellent
,2016-07-28 09:24:23+00:00,7.57,,0.935,9.94,888.39,2.44,1.035,11.22,28,,66.1,65.8,,28,9,564,Thursday,7,2016-07-28,False,919.5600000000001,0.00852103242945103,Low,Excellent
,2016-07-28 09:25:24+00:00,7.57,,0.927,10.09,889.72,2.46,1.036,11.62,28,,66.1,65.8,,28,9,565,Thursday,7,2016-07-28,False,921.46,0.008508294744413973,Low,Excellent
,2016-07-28 09:26:24+00:00,7.37,,0.93,11.27,887.86,2.44,1.037,12.12,28,,66.2,65.7,,28,9,566,Thursday,7,2016-07-28,False,921.0600000000001,0.008300858243416755,Low,Excellent
,2016-07-28 09:27:22+00:00,7.27,,0.931,11.27,887.16,2.44,1.037,12.12,28,,66.5,65.7,,28,9,567,Thursday,7,2016-07-28,False,920.26,0.008194688669462104,Low,Excellent
,2016-07-28 09:28:22+00:00,7.27,,0.925,9.37,887.6,2.44,1.034,11.52,28,,66.7,65.6,,28,9,568,Thursday,7,2016-07-28,False,918.2,0.008190626408292023,Low,Excellent
,2016-07-28 09:29:23+00:00,7.27,,0.935,9.34,887.13,2.44,1.034,11.52,28,,66.9,65.5,,28,9,569,Thursday,7,2016-07-28,False,917.7,0.0081949657885541,Low,Excellent
,2016-07-28 09:30:23+00:00,7.27,,0.946,9.17,885.76,2.44,1.035,11.72,28,,66.9,65.5,,28,9,570,Thursday,7,2016-07-28,False,916.3600000000001,0.008207640895953756,Low,Excellent
,2016-07-28 09:31:26+00:00,7.27,,0.941,9.02,888.31,2.41,1.034,11.72,28,,67.2,65.5,,28,9,571,Thursday,7,2016-07-28,False,918.7299999999999,0.008184079882023168,Low,Excellent
,2016-07-28 09:32:22+00:00,6.97,,0.939,8.79,887.88,2.46,1.034,11.92,28,,67.2,65.5,,28,9,572,Thursday,7,2016-07-28,False,918.02,0.007850159931522278,Low,Excellent
,2016-07-28 09:33:22+00:00,6.97,,0.941,8.67,884.89,2.44,1.034,11.72,28,,67.1,65.4,,28,9,573,Thursday,7,2016-07-28,False,914.69,0.007876685237713161,Low,Excellent
,2016-07-28 09:34:22+00:00,6.77,,0.939,7.97,884.78,2.44,1.032,11.52,28,,67.2,65.4,,28,9,574,Thursday,7,2016-07-28,False,913.48,0.0076516196116548744,Low,Excellent
,2016-07-28 09:35:24+00:00,6.77,,0.938,7.89,886.12,2.46,1.032,11.53,28,,67.1,65.3,,28,9,575,Thursday,7,2016-07-28,False,914.77,0.00764004875186205,Low,Excellent
,2016-07-28 09:36:23+00:00,7.07,,0.938,8.04,884.59,2.44,1.033,11.72,28,,66.9,65.3,,28,9,576,Thursday,7,2016-07-28,False,913.8600000000001,0.00799240326026747,Low,Excellent
,2016-07-28 09:37:22+00:00,7.07,,0.942,8.04,885.3,2.41,1.033,11.72,28,,66.9,65.2,,28,9,577,Thursday,7,2016-07-28,False,914.54,0.007985993448548515,Low,Excellent
,2016-07-28 09:38:22+00:00,6.57,,0.941,8.79,885.32,2.46,1.033,11.32,28,,67.0,65.1,,28,9,578,Thursday,7,2016-07-28,False,914.4600000000002,0.007421045497673157,Low,Excellent
,2016-07-28 09:39:24+00:00,6.57,,0.945,8.89,884.77,2.46,1.033,11.33,28,,67.1,65.0,,28,9,579,Thursday,7,2016-07-28,False,914.0200000000001,0.0074256586457497435,Low,Excellent
,2016-07-28 09:40:23+00:00,6.37,,0.945,8.94,883.42,2.46,1.033,11.22,28,,67.1,64.9,,28,9,580,Thursday,7,2016-07-28,False,912.41,0.007210613298317901,Low,Excellent
,2016-07-28 09:41:22+00:00,6.37,,0.931,8.99,882.52,2.46,1.033,11.22,28,,67.2,64.7,,28,9,581,Thursday,7,2016-07-28,False,911.5600000000001,0.007217966731632145,Low,Excellent
,2016-07-28 09:42:23+00:00,6.47,,0.947,9.27,884.23,2.46,1.034,11.82,28,,67.5,64.5,,28,9,582,Thursday,7,2016-07-28,False,914.2500000000001,0.007317100754328625,Low,Excellent
,2016-07-28 09:43:23+00:00,6.47,,0.934,9.24,885.53,2.44,1.034,11.82,28,,67.4,64.5,,28,9,583,Thursday,7,2016-07-28,False,915.5000000000001,0.007306358903707384,Low,Excellent
,2016-07-28 09:44:24+00:00,6.47,,0.927,9.89,883.43,2.46,1.034,11.62,28,,67.6,64.4,,28,9,584,Thursday,7,2016-07-28,False,913.87,0.007323726837440431,Low,Excellent
,2016-07-28 09:45:23+00:00,6.67,,0.918,9.97,884.15,2.46,1.035,11.62,28,,67.9,64.4,,28,9,585,Thursday,7,2016-07-28,False,914.87,0.007543968783577448,Low,Excellent
,2016-07-28 09:46:23+00:00,6.57,,0.915,9.07,883.75,2.44,1.033,11.22,28,,67.9,64.4,,28,9,586,Thursday,7,2016-07-28,False,913.0500000000001,0.007434229137199435,Low,Excellent
,2016-07-28 09:47:22+00:00,6.57,,0.906,8.94,882.54,2.44,1.033,11.22,28,,67.9,64.3,,28,9,587,Thursday,7,2016-07-28,False,911.71,0.007444421782582093,Low,Excellent
,2016-07-28 09:48:22+00:00,6.57,,0.945,10.27,883.67,2.46,1.035,11.32,28,,67.8,64.2,,28,9,588,Thursday,7,2016-07-28,False,914.2900000000001,0.007434902169361867,Low,Excellent
,2016-07-28 09:49:24+00:00,6.57,,0.926,10.27,885.29,2.44,1.035,11.62,28,,67.8,64.1,,28,9,589,Thursday,7,2016-07-28,False,916.19,0.007421296976132115,Low,Excellent
,2016-07-28 09:50:24+00:00,6.17,,0.948,8.97,883.74,2.46,1.033,11.92,28,,67.8,64.1,,28,9,590,Thursday,7,2016-07-28,False,913.26,0.006981691447710865,Low,Excellent
,2016-07-28 09:51:22+00:00,6.17,,0.96,8.97,886.34,2.44,1.033,12.02,28,,68.0,64.0,,28,9,591,Thursday,7,2016-07-28,False,915.94,0.006961211273326263,Low,Excellent
,2016-07-28 09:52:22+00:00,6.27,,0.962,8.57,886.56,2.46,1.033,11.92,28,,67.9,64.0,,28,9,592,Thursday,7,2016-07-28,False,915.78,0.007072279371954521,Low,Excellent
,2016-07-28 09:53:21+00:00,6.27,,0.968,8.57,886.55,2.44,1.032,11.12,28,,67.5,63.9,,28,9,593,Thursday,7,2016-07-28,False,914.95,0.007072359145000282,Low,Excellent
,2016-07-28 09:54:21+00:00,6.17,,0.973,8.12,885.49,2.44,1.031,11.02,28,,67.6,63.8,,28,9,594,Thursday,7,2016-07-28,False,913.24,0.006967893482704491,Low,Excellent
,2016-07-28 09:55:25+00:00,6.17,,0.979,8.27,885.6,2.46,1.032,11.02,28,,67.5,63.6,,28,9,595,Thursday,7,2016-07-28,False,913.5200000000001,0.006967028003613369,Low,Excellent
,2016-07-28 09:56:21+00:00,6.17,,0.98,9.17,884.56,2.44,1.033,11.52,28,,67.6,63.5,,28,9,596,Thursday,7,2016-07-28,False,913.86,0.006975219318079045,Low,Excellent
,2016-07-28 09:57:22+00:00,6.17,,0.985,9.14,884.99,2.41,1.033,11.52,28,,67.6,63.4,,28,9,597,Thursday,7,2016-07-28,False,914.2299999999999,0.006971830190171641,Low,Excellent
,2016-07-28 09:58:23+00:00,6.07,,0.988,9.69,884.02,2.46,1.033,11.12,28,,67.6,63.3,,28,9,598,Thursday,7,2016-07-28,False,913.36,0.006866360489581684,Low,Excellent
,2016-07-28 09:59:24+00:00,6.07,,0.991,9.67,883.78,2.46,1.033,11.12,28,,67.5,63.2,,28,9,599,Thursday,7,2016-07-28,False,913.1,0.006868225123899613,Low,Excellent
,2016-07-28 10:00:24+00:00,5.97,,0.99,8.44,884.93,2.41,1.031,10.82,28,,67.4,63.1,,28,10,600,Thursday,7,2016-07-28,False,912.5699999999999,0.006746296317222831,Low,Excellent
,2016-07-28 10:01:24+00:00,5.97,,0.985,8.39,884.27,2.46,1.032,11.22,28,,67.2,63.1,,28,10,601,Thursday,7,2016-07-28,False,912.3100000000001,0.006751331606862157,Low,Excellent
,2016-07-28 10:02:21+00:00,5.97,,0.987,8.39,883.69,2.46,1.032,11.32,28,,67.2,63.0,,28,10,602,Thursday,7,2016-07-28,False,911.8300000000002,0.006755762767486335,Low,Excellent
,2016-07-28 10:03:20+00:00,5.97,,0.984,8.37,883.41,2.46,1.032,11.32,28,,67.3,63.1,,28,10,603,Thursday,7,2016-07-28,False,911.5300000000001,0.006757904030970897,Low,Excellent
,2016-07-28 10:04:22+00:00,5.97,,0.984,8.47,881.69,2.46,1.033,12.02,28,,67.2,63.1,,28,10,604,Thursday,7,2016-07-28,False,910.6100000000001,0.006771087343624175,Low,Excellent
,2016-07-28 10:05:23+00:00,5.97,,0.983,8.59,881.5,2.46,1.033,12.02,28,,67.3,63.1,,28,10,605,Thursday,7,2016-07-28,False,910.54,0.006772546795235394,Low,Excellent
,2016-07-28 10:06:23+00:00,5.67,,0.981,8.79,883.06,2.46,1.032,11.42,28,,67.3,63.1,,28,10,606,Thursday,7,2016-07-28,False,911.4,0.0064208547550562815,Low,Excellent
,2016-07-28 10:07:20+00:00,5.67,,0.977,8.77,886.7,2.46,1.032,11.42,28,,67.3,63.1,,28,10,607,Thursday,7,2016-07-28,False,915.0200000000001,0.006394496447501973,Low,Excellent
,2016-07-28 10:08:21+00:00,5.67,,0.974,9.09,885.66,2.46,1.032,11.12,28,,67.4,63.0,,28,10,608,Thursday,7,2016-07-28,False,914.0,0.0064020052841948375,Low,Excellent
,2016-07-28 10:09:23+00:00,5.47,,0.973,9.09,884.69,2.46,1.032,11.12,28,,67.4,63.0,,28,10,609,Thursday,7,2016-07-28,False,912.83,0.006182956741909594,Low,Excellent
,2016-07-28 10:10:23+00:00,5.57,,0.967,9.54,886.13,2.46,1.032,10.82,28,,67.5,63.0,,28,10,610,Thursday,7,2016-07-28,False,914.5200000000001,0.006285759425817883,Low,Excellent
,2016-07-28 10:11:23+00:00,5.57,,0.974,9.49,886.69,2.46,1.032,10.82,28,,67.4,63.0,,28,10,611,Thursday,7,2016-07-28,False,915.0300000000001,0.0062817895769660195,Low,Excellent
,2016-07-28 10:12:22+00:00,6.07,,0.967,10.04,883.8,2.44,1.033,11.02,28,,67.5,63.0,,28,10,612,Thursday,7,2016-07-28,False,913.37,0.00686806969902693,Low,Excellent
,2016-07-28 10:13:21+00:00,6.07,,0.959,10.09,885.43,2.46,1.033,11.03,28,,67.5,62.9,,28,10,613,Thursday,7,2016-07-28,False,915.0799999999999,0.006855426177111687,Low,Excellent
,2016-07-28 10:14:24+00:00,5.67,,0.958,8.77,884.44,2.46,1.032,11.32,28,,68.4,62.9,,28,10,614,Thursday,7,2016-07-28,False,912.6600000000002,0.006410836235357966,Low,Excellent
,2016-07-28 10:15:25+00:00,5.87,,0.958,8.67,882.47,2.46,1.032,11.32,28,,68.4,62.9,,28,10,615,Thursday,7,2016-07-28,False,910.7900000000001,0.006651784196629914,Low,Excellent
,2016-07-28 10:16:24+00:00,6.07,,0.953,8.89,882.59,2.46,1.033,11.82,28,,68.1,62.8,,28,10,616,Thursday,7,2016-07-28,False,911.8300000000002,0.006877485582206914,Low,Excellent
,2016-07-28 10:17:22+00:00,5.97,,0.947,8.77,882.07,2.46,1.033,11.82,28,,68.0,62.8,,28,10,617,Thursday,7,2016-07-28,False,911.0900000000001,0.006768170326618068,Low,Excellent
,2016-07-28 10:18:22+00:00,5.87,,0.949,9.69,881.79,2.46,1.034,11.52,28,,68.0,62.8,,28,10,618,Thursday,7,2016-07-28,False,911.3299999999999,0.006656913777656812,Low,Excellent
,2016-07-28 10:19:24+00:00,5.87,,0.946,9.69,881.04,2.46,1.034,11.52,28,,67.9,62.7,,28,10,619,Thursday,7,2016-07-28,False,910.5799999999999,0.006662580586579497,Low,Excellent
,2016-07-28 10:20:22+00:00,6.47,,0.943,9.87,884.89,2.46,1.035,12.02,28,,67.7,62.7,,28,10,620,Thursday,7,2016-07-28,False,915.71,0.007311643255093854,Low,Excellent
,2016-07-28 10:21:22+00:00,6.37,,0.943,9.77,885.76,2.46,1.035,12.02,28,,67.7,62.6,,28,10,621,Thursday,7,2016-07-28,False,916.38,0.0071915643063583815,Low,Excellent
,2016-07-28 10:22:23+00:00,6.47,,0.932,9.44,885.52,2.44,1.033,11.22,28,,67.7,62.6,,28,10,622,Thursday,7,2016-07-28,False,915.09,0.0073064414129551,Low,Excellent
,2016-07-28 10:23:21+00:00,6.47,,0.923,9.59,884.69,2.46,1.034,11.22,28,,67.9,62.5,,28,10,623,Thursday,7,2016-07-28,False,914.4300000000001,0.007313296182843708,Low,Excellent
,2016-07-28 10:24:22+00:00,6.87,,0.942,8.97,882.49,2.46,1.034,11.82,28,,68.2,62.5,,28,10,624,Thursday,7,2016-07-28,False,912.6100000000001,0.007784790762501558,Low,Excellent
,2016-07-28 10:25:25+00:00,6.87,,0.92,8.97,882.05,2.46,1.034,11.82,28,,67.9,62.4,,28,10,625,Thursday,7,2016-07-28,False,912.1700000000001,0.00778867411144493,Low,Excellent
,2016-07-28 10:26:22+00:00,6.87,,0.912,9.41,885.33,2.44,1.035,11.92,28,,68.3,62.4,,28,10,626,Thursday,7,2016-07-28,False,915.97,0.007759818372810139,Low,Excellent
,2016-07-28 10:27:22+00:00,6.87,,0.934,9.44,885.96,2.46,1.035,11.93,28,,68.3,62.4,,28,10,627,Thursday,7,2016-07-28,False,916.66,0.007754300419883516,Low,Excellent
,2016-07-28 10:28:22+00:00,6.77,,0.938,8.87,884.47,2.44,1.033,11.02,28,,68.3,62.3,,28,10,628,Thursday,7,2016-07-28,False,913.57,0.007654301446063744,Low,Excellent
,2016-07-28 10:29:24+00:00,6.77,,0.934,8.74,885.33,2.44,1.033,11.42,28,,68.5,62.3,,28,10,629,Thursday,7,2016-07-28,False,914.7,0.007646866140309262,Low,Excellent
,2016-07-28 10:30:24+00:00,6.87,,0.927,8.77,884.84,2.44,1.033,11.22,28,,68.4,62.3,,28,10,630,Thursday,7,2016-07-28,False,914.1400000000001,0.007764115546313457,Low,Excellent
,2016-07-28 10:31:25+00:00,6.87,,0.952,8.74,881.47,2.44,1.033,11.22,28,,68.6,62.3,,28,10,631,Thursday,7,2016-07-28,False,910.7400000000001,0.007793798994860857,Low,Excellent
,2016-07-28 10:32:22+00:00,6.87,,0.944,8.24,883.1,2.46,1.033,11.52,28,,68.4,62.3,,28,10,632,Thursday,7,2016-07-28,False,912.19,0.007779413429962631,Low,Excellent
,2016-07-28 10:33:22+00:00,6.87,,0.946,8.24,881.29,2.44,1.033,11.53,28,,68.5,62.2,,28,10,633,Thursday,7,2016-07-28,False,910.37,0.007795390847507631,Low,Excellent
,2016-07-28 10:34:22+00:00,6.17,,0.945,8.94,882.77,2.46,1.033,11.42,28,,68.9,62.2,,28,10,634,Thursday,7,2016-07-28,False,911.76,0.00698936302774222,Low,Excellent
,2016-07-28 10:35:23+00:00,6.27,,0.944,8.94,882.58,2.46,1.033,11.42,28,,69.4,62.2,,28,10,635,Thursday,7,2016-07-28,False,911.6700000000001,0.007104171859774751,Low,Excellent
,2016-07-28 10:36:22+00:00,6.27,,0.947,8.51,882.65,2.41,1.032,11.32,28,,69.6,62.2,,28,10,636,Thursday,7,2016-07-28,False,911.16,0.00710360845182122,Low,Excellent
,2016-07-28 10:37:22+00:00,6.27,,0.948,8.44,881.51,2.44,1.032,11.32,28,,69.5,62.2,,28,10,637,Thursday,7,2016-07-28,False,909.9800000000001,0.007112795090242878,Low,Excellent
,2016-07-28 10:38:22+00:00,5.97,,0.949,9.16,882.3,2.46,1.033,11.62,28,,69.3,62.2,,28,10,638,Thursday,7,2016-07-28,False,911.51,0.006766405984359062,Low,Excellent
,2016-07-28 10:39:24+00:00,5.97,,0.954,9.04,881.38,2.46,1.033,11.62,28,,69.6,62.2,,28,10,639,Thursday,7,2016-07-28,False,910.47,0.00677346887834986,Low,Excellent
,2016-07-28 10:40:24+00:00,5.97,,0.952,9.56,879.0,2.46,1.034,11.62,28,,69.0,62.1,,28,10,640,Thursday,7,2016-07-28,False,908.61,0.006791808873720136,Low,Excellent
,2016-07-28 10:41:23+00:00,5.87,,0.952,9.61,881.35,2.44,1.034,11.62,28,,69.0,62.1,,28,10,641,Thursday,7,2016-07-28,False,910.8900000000001,0.006660237136211494,Low,Excellent
,2016-07-28 10:42:22+00:00,5.77,,0.962,9.76,881.94,2.46,1.034,11.62,28,,68.8,62.0,,28,10,642,Thursday,7,2016-07-28,False,911.5500000000001,0.0065423951742748935,Low,Excellent
,2016-07-28 10:43:22+00:00,5.77,,0.964,9.86,882.15,2.46,1.034,11.92,28,,68.8,62.0,,28,10,643,Thursday,7,2016-07-28,False,912.16,0.006540837726010315,Low,Excellent
,2016-07-28 10:44:23+00:00,5.87,,0.96,8.71,883.32,2.44,1.032,11.32,28,,68.8,61.9,,28,10,644,Thursday,7,2016-07-28,False,911.6600000000002,0.006645383326540777,Low,Excellent
,2016-07-28 10:45:27+00:00,5.87,,0.964,8.76,884.09,2.46,1.032,11.32,28,,68.5,61.9,,28,10,645,Thursday,7,2016-07-28,False,912.5000000000001,0.00663959551629359,Low,Excellent
,2016-07-28 10:46:24+00:00,5.77,,0.96,8.61,882.56,2.44,1.032,11.02,28,,68.8,61.8,,28,10,646,Thursday,7,2016-07-28,False,910.4,0.006537799129804206,Low,Excellent
,2016-07-28 10:47:22+00:00,5.77,,0.964,8.66,884.64,2.46,1.032,11.32,28,,68.9,61.8,,28,10,647,Thursday,7,2016-07-28,False,912.85,0.0065224272020256826,Low,Excellent
,2016-07-28 10:48:22+00:00,5.97,,0.965,9.14,883.66,2.44,1.033,11.22,28,,68.9,61.8,,28,10,648,Thursday,7,2016-07-28,False,912.4300000000001,0.0067559921236674736,Low,Excellent
,2016-07-28 10:49:24+00:00,5.97,,0.959,9.11,883.47,2.44,1.033,11.23,28,,69.5,61.8,,28,10,649,Thursday,7,2016-07-28,False,912.2200000000001,0.006757445074535637,Low,Excellent
,2016-07-28 10:50:23+00:00,5.97,,0.962,8.54,883.43,2.46,1.032,11.32,28,,69.6,61.8,,28,10,650,Thursday,7,2016-07-28,False,911.72,0.006757751038565591,Low,Excellent
,2016-07-28 10:51:23+00:00,5.97,,0.963,8.56,883.19,2.44,1.032,11.32,28,,69.7,61.8,,28,10,651,Thursday,7,2016-07-28,False,911.4800000000001,0.006759587404748695,Low,Excellent
,2016-07-28 10:52:22+00:00,5.97,,0.962,8.01,886.33,2.41,1.031,11.02,28,,69.8,61.8,,28,10,652,Thursday,7,2016-07-28,False,913.74,0.006735640224295691,Low,Excellent
,2016-07-28 10:53:20+00:00,6.07,,0.953,8.07,884.79,2.44,1.031,11.02,28,,69.9,61.7,,28,10,653,Thursday,7,2016-07-28,False,912.39,0.006860384950101155,Low,Excellent
,2016-07-28 10:54:21+00:00,6.07,,0.95,8.69,884.7,2.46,1.032,11.22,28,,69.9,61.7,,28,10,654,Thursday,7,2016-07-28,False,913.1400000000001,0.006861082852944501,Low,Excellent
,2016-07-28 10:55:23+00:00,5.97,,0.951,8.69,884.56,2.46,1.032,11.22,28,,69.9,61.7,,28,10,655,Thursday,7,2016-07-28,False,912.9,0.006749118205661572,Low,Excellent
,2016-07-28 10:56:22+00:00,6.27,,0.951,9.64,884.25,2.41,1.034,12.12,28,,69.9,61.7,,28,10,656,Thursday,7,2016-07-28,False,914.6899999999999,0.007090754877014419,Low,Excellent
,2016-07-28 10:57:23+00:00,6.27,,0.951,9.62,883.82,2.41,1.034,11.62,28,,69.7,61.7,,28,10,657,Thursday,7,2016-07-28,False,913.74,0.00709420470231495,Low,Excellent
,2016-07-28 10:58:21+00:00,6.17,,0.944,10.27,884.45,2.46,1.034,11.12,28,,69.6,61.7,,28,10,658,Thursday,7,2016-07-28,False,914.4700000000001,0.006976086833625416,Low,Excellent
,2016-07-28 10:59:24+00:00,6.17,,0.938,10.27,883.29,2.46,1.034,11.12,28,,69.5,61.7,,28,10,659,Thursday,7,2016-07-28,False,913.3100000000001,0.006985248332937088,Low,Excellent
,2016-07-28 11:00:26+00:00,6.27,,0.929,9.24,883.59,2.41,1.033,11.32,28,,69.0,61.6,,28,11,660,Thursday,7,2016-07-28,False,912.83,0.007096051336026889,Low,Excellent
,2016-07-28 11:01:26+00:00,6.17,,0.926,9.19,883.29,2.46,1.033,11.32,28,,68.9,61.6,,28,11,661,Thursday,7,2016-07-28,False,912.4300000000001,0.006985248332937088,Low,Excellent
,2016-07-28 11:02:23+00:00,5.87,,0.918,9.84,884.99,2.44,1.033,11.22,28,,68.8,61.6,,28,11,662,Thursday,7,2016-07-28,False,914.3600000000001,0.006632843308963943,Low,Excellent
,2016-07-28 11:03:21+00:00,5.87,,0.906,9.89,882.44,2.46,1.034,11.52,28,,68.7,61.6,,28,11,663,Thursday,7,2016-07-28,False,912.1800000000001,0.006652010334980281,Low,Excellent
,2016-07-28 11:04:23+00:00,5.77,,0.897,10.01,878.92,2.44,1.034,11.33,28,,68.5,61.6,,28,11,664,Thursday,7,2016-07-28,False,908.47,0.0065648750739543986,Low,Excellent
,2016-07-28 11:05:23+00:00,5.77,,0.904,10.01,882.33,2.41,1.033,11.34,28,,68.4,61.6,,28,11,665,Thursday,7,2016-07-28,False,911.86,0.006539503360420703,Low,Excellent
,2016-07-28 11:06:24+00:00,5.57,,0.913,8.86,884.66,2.46,1.032,11.43,28,,68.0,61.6,,28,11,666,Thursday,7,2016-07-28,False,912.9799999999999,0.0062962041914407805,Low,Excellent
,2016-07-28 11:07:22+00:00,5.57,,0.924,8.84,881.38,2.46,1.032,11.02,28,,68.1,61.6,,28,11,667,Thursday,7,2016-07-28,False,909.27,0.0063196351176564025,Low,Excellent
,2016-07-28 11:08:24+00:00,5.47,,0.93,9.74,881.41,2.46,1.033,11.42,28,,68.0,61.6,,28,11,668,Thursday,7,2016-07-28,False,910.5,0.006205965441735401,Low,Excellent
,2016-07-28 11:09:23+00:00,5.47,,0.928,9.66,882.73,2.46,1.033,11.12,28,,68.0,61.6,,28,11,669,Thursday,7,2016-07-28,False,911.44,0.006196685283155664,Low,Excellent
,2016-07-28 11:10:23+00:00,5.27,,0.947,11.24,885.65,2.46,1.034,10.82,28,,67.9,61.6,,28,11,670,Thursday,7,2016-07-28,False,915.44,0.005950431886185287,Low,Excellent
,2016-07-28 11:11:21+00:00,5.27,,0.956,11.21,884.7,2.44,1.035,11.72,28,,67.8,61.6,,28,11,671,Thursday,7,2016-07-28,False,915.3400000000001,0.00595682152141969,Low,Excellent
,2016-07-28 11:12:22+00:00,5.17,,0.958,7.48,882.71,2.44,1.031,12.42,28,,67.8,61.7,,28,11,672,Thursday,7,2016-07-28,False,910.22,0.005856963215552106,Low,Excellent
,2016-07-28 11:13:22+00:00,5.17,,0.957,7.53,883.66,2.46,1.031,12.42,28,,67.8,61.7,,28,11,673,Thursday,7,2016-07-28,False,911.24,0.00585066654595659,Low,Excellent
,2016-07-28 11:14:23+00:00,5.17,,0.951,7.48,886.76,2.44,1.031,12.22,28,,67.9,61.7,,28,11,674,Thursday,7,2016-07-28,False,914.07,0.005830213360999594,Low,Excellent
,2016-07-28 11:15:24+00:00,5.17,,0.954,7.51,883.43,2.44,1.031,12.22,28,,67.6,61.7,,28,11,675,Thursday,7,2016-07-28,False,910.77,0.005852189760365847,Low,Excellent
,2016-07-28 11:16:24+00:00,5.47,,0.957,7.18,883.58,2.41,1.03,11.32,28,,67.5,61.7,,28,11,676,Thursday,7,2016-07-28,False,909.96,0.00619072409968537,Low,Excellent
,2016-07-28 11:17:22+00:00,5.47,,0.955,7.31,883.2,2.46,1.03,11.32,28,,67.4,61.7,,28,11,677,Thursday,7,2016-07-28,False,909.7600000000001,0.0061933876811594195,Low,Excellent
,2016-07-28 11:18:20+00:00,5.97,,0.963,6.83,879.39,2.46,1.03,11.22,28,,67.5,61.7,,28,11,678,Thursday,7,2016-07-28,False,905.87,0.006788796779585849,Low,Excellent
,2016-07-28 11:19:23+00:00,5.97,,0.965,6.81,877.58,2.44,1.03,11.52,28,,67.5,61.6,,28,11,679,Thursday,7,2016-07-28,False,904.32,0.006802798605255361,Low,Excellent
,2016-07-28 11:20:25+00:00,5.57,,0.964,6.23,879.75,2.46,1.029,11.52,28,,67.2,61.6,,28,11,680,Thursday,7,2016-07-28,False,905.53,0.006331344131855641,Low,Excellent
,2016-07-28 11:21:22+00:00,5.47,,0.955,6.31,878.59,2.46,1.029,11.52,28,,67.0,61.6,,28,11,681,Thursday,7,2016-07-28,False,904.35,0.0062258846560967,Low,Excellent
,2016-07-28 11:22:21+00:00,5.77,,0.956,7.01,878.27,2.46,1.031,11.72,28,,66.9,61.5,,28,11,682,Thursday,7,2016-07-28,False,905.23,0.0065697336809864846,Low,Excellent
,2016-07-28 11:23:21+00:00,5.77,,0.954,7.08,877.68,2.41,1.03,11.22,28,,66.8,61.5,,28,11,683,Thursday,7,2016-07-28,False,904.16,0.006574150031902288,Low,Excellent
,2016-07-28 11:24:23+00:00,5.37,,0.95,7.41,878.65,2.46,1.03,11.22,28,,66.8,61.5,,28,11,684,Thursday,7,2016-07-28,False,905.11,0.006111648551755534,Low,Excellent
,2016-07-28 11:25:22+00:00,5.37,,0.95,7.38,879.95,2.41,1.03,11.13,28,,66.9,61.5,,28,11,685,Thursday,7,2016-07-28,False,906.24,0.006102619467015171,Low,Excellent
,2016-07-28 11:26:22+00:00,5.77,,0.952,7.58,879.28,2.41,1.031,11.42,28,,66.9,61.4,,28,11,686,Thursday,7,2016-07-28,False,906.4599999999999,0.006562187244108816,Low,Excellent
,2016-07-28 11:27:22+00:00,5.67,,0.951,7.61,876.12,2.46,1.031,11.42,28,,66.9,61.4,,28,11,687,Thursday,7,2016-07-28,False,903.28,0.006471716203259827,Low,Excellent
,2016-07-28 11:28:20+00:00,5.27,,0.947,7.63,879.56,2.46,1.031,12.02,28,,66.8,61.3,,28,11,688,Thursday,7,2016-07-28,False,906.9399999999999,0.005991632179726226,Low,Excellent
,2016-07-28 11:29:22+00:00,5.27,,0.949,7.73,880.28,2.46,1.031,11.52,28,,66.7,61.4,,28,11,689,Thursday,7,2016-07-28,False,907.26,0.0059867314945244695,Low,Excellent
,2016-07-28 11:30:24+00:00,5.07,,0.95,6.71,878.24,2.46,1.029,11.62,28,,66.5,61.4,,28,11,690,Thursday,7,2016-07-28,False,904.1,0.005772909455274185,Low,Excellent
,2016-07-28 11:31:24+00:00,5.07,,0.948,6.81,879.44,2.46,1.029,11.52,28,,66.5,61.4,,28,11,691,Thursday,7,2016-07-28,False,905.3000000000001,0.00576503229327754,Low,Excellent
,2016-07-28 11:32:21+00:00,4.87,,0.953,7.23,880.32,2.46,1.03,12.12,28,,66.4,61.4,,28,11,692,Thursday,7,2016-07-28,False,907.0000000000001,0.005532079243911305,Low,Excellent
,2016-07-28 11:33:22+00:00,4.87,,0.956,7.13,877.15,2.46,1.03,12.12,28,,66.2,61.4,,28,11,693,Thursday,7,2016-07-28,False,903.73,0.005552072051530525,Low,Excellent
,2016-07-28 11:34:23+00:00,4.97,,0.949,8.11,877.43,2.46,1.03,11.22,28,,66.2,61.3,,28,11,694,Thursday,7,2016-07-28,False,904.19,0.005664269514377216,Low,Excellent
,2016-07-28 11:35:24+00:00,4.97,,0.951,8.11,877.51,2.46,1.03,11.22,28,,66.2,61.3,,28,11,695,Thursday,7,2016-07-28,False,904.2700000000001,0.0056637531196225685,Low,Excellent
,2016-07-28 11:36:20+00:00,5.27,,0.949,6.78,877.42,2.44,1.029,11.22,28,,65.8,61.2,,28,11,696,Thursday,7,2016-07-28,False,903.13,0.006006245583642953,Low,Excellent
,2016-07-28 11:37:22+00:00,5.27,,0.941,6.83,876.38,2.46,1.029,11.22,28,,65.8,61.2,,28,11,697,Thursday,7,2016-07-28,False,902.1600000000001,0.006013373194276455,Low,Excellent
,2016-07-28 11:38:22+00:00,5.87,,0.938,7.43,878.53,2.46,1.031,11.12,28,,65.7,61.2,,28,11,698,Thursday,7,2016-07-28,False,905.41,0.006681615881074067,Low,Excellent
,2016-07-28 11:39:22+00:00,5.87,,0.942,7.41,879.14,2.44,1.031,11.92,28,,65.9,61.3,,28,11,699,Thursday,7,2016-07-28,False,906.78,0.006676979775689879,Low,Excellent
,2016-07-28 11:40:24+00:00,5.57,,0.951,8.08,877.86,2.41,1.032,12.02,28,,66.5,61.3,,28,11,700,Thursday,7,2016-07-28,False,905.9399999999999,0.0063449752807964825,Low,Excellent
,2016-07-28 11:41:21+00:00,5.57,,0.928,8.11,878.88,2.44,1.032,12.02,28,,66.8,61.3,,28,11,701,Thursday,7,2016-07-28,False,907.02,0.006337611505552522,Low,Excellent
,2016-07-28 11:42:21+00:00,6.37,,0.936,8.21,879.2,2.44,1.033,11.92,28,,66.9,61.4,,28,11,702,Thursday,7,2016-07-28,False,908.1400000000001,0.007245222929936306,Low,Excellent
,2016-07-28 11:43:21+00:00,6.17,,0.936,8.21,878.25,2.44,1.033,11.92,28,,67.0,61.5,,28,11,703,Thursday,7,2016-07-28,False,906.99,0.007025334471961286,Low,Excellent
,2016-07-28 11:44:23+00:00,5.77,,0.93,7.88,880.26,2.46,1.031,11.22,28,,67.1,61.5,,28,11,704,Thursday,7,2016-07-28,False,907.59,0.006554881512280462,Low,Excellent
,2016-07-28 11:45:24+00:00,5.87,,0.929,7.93,880.16,2.46,1.031,11.22,28,,67.0,61.6,,28,11,705,Thursday,7,2016-07-28,False,907.64,0.006669241956007999,Low,Excellent
,2016-07-28 11:46:23+00:00,6.07,,0.931,8.61,878.46,2.46,1.032,11.22,28,,67.0,61.6,,28,11,706,Thursday,7,2016-07-28,False,906.82,0.0069098194567766315,Low,Excellent
,2016-07-28 11:47:21+00:00,6.07,,0.93,8.58,878.42,2.41,1.032,11.23,28,,66.9,61.6,,28,11,707,Thursday,7,2016-07-28,False,906.7099999999999,0.006910134104414745,Low,Excellent
,2016-07-28 11:48:20+00:00,5.77,,0.926,7.01,876.06,2.46,1.031,11.52,28,,66.7,61.7,,28,11,708,Thursday,7,2016-07-28,False,902.8199999999999,0.006586306873958405,Low,Excellent
,2016-07-28 11:49:22+00:00,5.77,,0.93,6.98,878.41,2.44,1.03,11.52,28,,66.5,61.8,,28,11,709,Thursday,7,2016-07-28,False,905.12,0.006568686604205325,Low,Excellent
,2016-07-28 11:50:24+00:00,5.47,,0.932,7.13,873.67,2.46,1.031,11.62,28,,66.5,61.9,,28,11,710,Thursday,7,2016-07-28,False,900.35,0.006260945208144952,Low,Excellent
,2016-07-28 11:51:22+00:00,5.47,,0.927,7.11,875.08,2.46,1.03,11.62,28,,66.2,62.1,,28,11,711,Thursday,7,2016-07-28,False,901.7400000000001,0.006250857064496959,Low,Excellent
,2016-07-28 11:52:22+00:00,5.37,,0.942,7.26,877.86,2.41,1.03,11.22,28,,66.5,62.1,,28,11,712,Thursday,7,2016-07-28,False,904.12,0.0061171485202651905,Low,Excellent
,2016-07-28 11:53:20+00:00,5.37,,0.952,7.33,877.48,2.46,1.03,11.22,28,,66.6,62.1,,28,11,713,Thursday,7,2016-07-28,False,903.8600000000001,0.006119797602224552,Low,Excellent
,2016-07-28 11:54:23+00:00,5.17,,0.952,6.88,878.4,2.46,1.03,11.42,28,,66.7,62.1,,28,11,714,Thursday,7,2016-07-28,False,904.3299999999999,0.005885701275045538,Low,Excellent
,2016-07-28 11:55:24+00:00,5.47,,0.952,7.01,878.93,2.46,1.03,11.42,28,,66.8,62.1,,28,11,715,Thursday,7,2016-07-28,False,905.29,0.00622347627228562,Low,Excellent
,2016-07-28 11:56:22+00:00,5.27,,0.958,6.51,877.45,2.46,1.029,10.92,28,,67.0,62.1,,28,11,716,Thursday,7,2016-07-28,False,902.61,0.006006040230212547,Low,Excellent
,2016-07-28 11:57:20+00:00,5.27,,0.956,6.51,874.22,2.44,1.029,10.92,28,,67.1,62.0,,28,11,717,Thursday,7,2016-07-28,False,899.36,0.0060282308800988305,Low,Excellent
,2016-07-28 11:58:21+00:00,4.97,,0.96,7.31,876.18,2.46,1.03,11.12,28,,67.7,62.1,,28,11,718,Thursday,7,2016-07-28,False,902.04,0.005672350430276884,Low,Excellent
,2016-07-28 11:59:24+00:00,5.27,,0.965,7.43,875.15,2.46,1.03,11.12,28,,67.7,62.1,,28,11,719,Thursday,7,2016-07-28,False,901.4300000000001,0.006021824830029138,Low,Excellent
,2016-07-28 12:00:22+00:00,5.27,,0.965,7.01,878.84,2.44,1.029,10.82,28,,68.4,62.1,,28,12,720,Thursday,7,2016-07-28,False,904.3800000000001,0.005996540894815893,Low,Excellent
,2016-07-28 12:01:22+00:00,5.27,,0.968,6.91,878.42,2.46,1.029,10.82,28,,69.1,62.2,,28,12,721,Thursday,7,2016-07-28,False,903.88,0.005999408028050363,Low,Excellent
,2016-07-28 12:02:21+00:00,5.47,,0.969,8.03,876.7,2.46,1.031,11.32,28,,69.3,62.3,,28,12,722,Thursday,7,2016-07-28,False,903.9800000000001,0.006239306490247519,Low,Excellent
,2016-07-28 12:03:20+00:00,5.47,,0.966,7.93,877.85,2.46,1.031,11.32,28,,69.8,62.3,,28,12,723,Thursday,7,2016-07-28,False,905.0300000000001,0.006231132881471777,Low,Excellent
,2016-07-28 12:04:20+00:00,5.57,,0.966,7.98,878.5,2.44,1.031,11.32,28,,69.9,62.3,,28,12,724,Thursday,7,2016-07-28,False,905.8100000000001,0.006340352874217416,Low,Excellent
,2016-07-28 12:05:22+00:00,5.57,,0.971,8.01,872.07,2.46,1.031,11.32,28,,69.2,62.4,,28,12,725,Thursday,7,2016-07-28,False,899.4300000000002,0.006387101952824888,Low,Excellent
,2016-07-28 12:06:21+00:00,5.77,,0.972,8.58,878.31,2.41,1.032,11.62,28,,68.9,62.4,,28,12,726,Thursday,7,2016-07-28,False,906.6899999999999,0.006569434482130455,Low,Excellent
,2016-07-28 12:07:21+00:00,5.77,,0.963,8.58,876.09,2.41,1.032,11.62,28,,68.5,62.5,,28,12,727,Thursday,7,2016-07-28,False,904.47,0.00658608133867525,Low,Excellent
,2016-07-28 12:08:21+00:00,5.87,,0.962,8.21,876.58,2.46,1.031,10.92,28,,68.0,62.5,,28,12,728,Thursday,7,2016-07-28,False,904.0400000000001,0.006696479499874512,Low,Excellent
,2016-07-28 12:09:22+00:00,6.17,,0.963,8.08,877.64,2.44,1.031,10.92,28,,67.9,62.5,,28,12,729,Thursday,7,2016-07-28,False,905.25,0.007030217401212342,Low,Excellent
,2016-07-28 12:10:23+00:00,6.57,,0.964,7.31,877.15,2.46,1.032,11.53,28,,67.8,62.5,,28,12,730,Thursday,7,2016-07-28,False,905.02,0.007490167018183892,Low,Excellent
,2016-07-28 12:11:22+00:00,6.57,,0.964,7.31,876.6,2.44,1.032,11.53,28,,67.8,62.5,,28,12,731,Thursday,7,2016-07-28,False,904.45,0.0074948665297741275,Low,Excellent
,2016-07-28 12:12:21+00:00,6.77,,0.96,7.51,877.84,2.46,1.032,11.02,28,,67.9,62.5,,28,12,732,Thursday,7,2016-07-28,False,905.6,0.007712111546523284,Low,Excellent
,2016-07-28 12:13:20+00:00,6.77,,0.951,7.61,876.46,2.46,1.032,11.02,28,,68.3,62.5,,28,12,733,Thursday,7,2016-07-28,False,904.32,0.0077242543869657475,Low,Excellent
,2016-07-28 12:14:22+00:00,6.87,,0.933,6.38,876.18,2.41,1.031,11.52,28,,68.7,62.5,,28,12,734,Thursday,7,2016-07-28,False,903.3599999999999,0.007840854618913923,Low,Excellent
,2016-07-28 12:15:23+00:00,6.97,,0.917,6.48,877.51,2.41,1.031,11.53,28,,68.3,62.5,,28,12,735,Thursday,7,2016-07-28,False,904.9,0.007942929425305695,Low,Excellent
,2016-07-28 12:16:22+00:00,6.67,,0.902,7.41,877.32,2.41,1.032,11.43,28,,68.3,62.4,,28,12,736,Thursday,7,2016-07-28,False,905.24,0.007602699129166096,Low,Excellent
,2016-07-28 12:17:21+00:00,6.67,,0.899,7.53,878.06,2.46,1.032,11.52,28,,67.5,62.4,,28,12,737,Thursday,7,2016-07-28,False,906.24,0.007596291825160012,Low,Excellent
,2016-07-28 12:18:20+00:00,6.67,,0.898,8.01,878.8,2.46,1.032,10.92,28,,67.1,62.4,,28,12,738,Thursday,7,2016-07-28,False,906.8599999999999,0.007589895311788803,Low,Excellent
,2016-07-28 12:19:24+00:00,6.67,,0.904,7.88,877.41,2.44,1.032,11.32,28,,66.8,62.4,,28,12,739,Thursday,7,2016-07-28,False,905.72,0.007601919285168849,Low,Excellent
,2016-07-28 12:20:24+00:00,6.37,,0.905,7.81,877.76,2.44,1.033,11.92,28,,66.3,62.4,,28,12,740,Thursday,7,2016-07-28,False,906.3,0.007257109004739337,Low,Excellent
,2016-07-28 12:21:21+00:00,6.37,,0.909,7.81,877.14,2.46,1.033,11.93,28,,66.0,62.4,,28,12,741,Thursday,7,2016-07-28,False,905.7099999999999,0.0072622386392138085,Low,Excellent
,2016-07-28 12:22:22+00:00,6.57,,0.91,8.08,877.46,2.44,1.032,10.92,28,,65.3,62.4,,28,12,742,Thursday,7,2016-07-28,False,905.47,0.0074875207986688855,Low,Excellent
,2016-07-28 12:23:21+00:00,6.57,,0.914,8.13,878.98,2.46,1.032,10.92,28,,65.0,62.3,,28,12,743,Thursday,7,2016-07-28,False,907.0600000000001,0.007474572800291247,Low,Excellent
,2016-07-28 12:24:22+00:00,6.47,,0.924,7.18,878.16,2.41,1.031,11.22,28,,64.9,62.3,,28,12,744,Thursday,7,2016-07-28,False,905.4399999999999,0.007367677871914002,Low,Excellent
,2016-07-28 12:25:23+00:00,6.47,,0.925,7.18,874.74,2.44,1.031,11.22,28,,64.5,62.4,,28,12,745,Thursday,7,2016-07-28,False,902.0500000000001,0.0073964835265335985,Low,Excellent
,2016-07-28 12:26:21+00:00,6.47,,0.929,6.58,878.11,2.44,1.03,10.62,28,,63.5,62.5,,28,12,746,Thursday,7,2016-07-28,False,904.22,0.007368097390987462,Low,Excellent
,2016-07-28 12:27:21+00:00,6.47,,0.926,6.68,878.25,2.44,1.03,10.62,28,,63.4,62.6,,28,12,747,Thursday,7,2016-07-28,False,904.46,0.007366922857956162,Low,Excellent
,2016-07-28 12:28:21+00:00,6.17,,0.939,6.61,878.08,2.46,1.03,11.02,28,,63.0,62.7,,28,12,748,Thursday,7,2016-07-28,False,904.34,0.007026694606413994,Low,Excellent
,2016-07-28 12:29:23+00:00,6.07,,0.938,6.61,879.56,2.44,1.03,11.02,28,,62.4,62.8,,28,12,749,Thursday,7,2016-07-28,False,905.6999999999999,0.006901177861658102,Low,Excellent
,2016-07-28 12:30:24+00:00,6.37,,0.931,6.41,876.96,2.46,1.031,11.92,28,,62.1,63.0,,28,12,750,Thursday,7,2016-07-28,False,904.12,0.007263729246487867,Low,Excellent
,2016-07-28 12:31:23+00:00,6.37,,0.932,6.41,878.28,2.46,1.031,11.92,28,,61.0,63.1,,28,12,751,Thursday,7,2016-07-28,False,905.4399999999999,0.007252812314979278,Low,Excellent
,2016-07-28 12:32:22+00:00,6.27,,0.933,6.38,878.2,2.46,1.03,11.42,28,,60.4,63.2,,28,12,752,Thursday,7,2016-07-28,False,904.73,0.00713960373491232,Low,Excellent
,2016-07-28 12:33:21+00:00,6.07,,0.94,6.43,876.97,2.46,1.03,11.42,28,,60.2,63.3,,28,12,753,Thursday,7,2016-07-28,False,903.35,0.006921559460414837,Low,Excellent
,2016-07-28 12:34:23+00:00,5.87,,0.934,7.61,877.66,2.46,1.031,11.42,28,,59.7,63.5,,28,12,754,Thursday,7,2016-07-28,False,905.02,0.006688239181459791,Low,Excellent
,2016-07-28 12:35:22+00:00,5.67,,0.943,7.61,874.79,2.46,1.031,11.42,28,,59.3,63.5,,28,12,755,Thursday,7,2016-07-28,False,901.9499999999999,0.006481555573337601,Low,Excellent
,2016-07-28 12:36:20+00:00,5.57,,0.945,6.88,876.6,2.44,1.03,11.72,28,,58.9,63.6,,28,12,756,Thursday,7,2016-07-28,False,903.2100000000002,0.006354095368469086,Low,Excellent
,2016-07-28 12:37:21+00:00,5.57,,0.944,6.91,879.56,2.46,1.03,11.82,28,,58.1,63.6,,28,12,757,Thursday,7,2016-07-28,False,906.32,0.006332711810450681,Low,Excellent
,2016-07-28 12:38:21+00:00,5.67,,0.937,7.01,876.42,2.46,1.03,11.52,28,,57.4,63.7,,28,12,758,Thursday,7,2016-07-28,False,903.0799999999999,0.006469500924214418,Low,Excellent
,2016-07-28 12:39:24+00:00,5.67,,0.94,7.03,877.0,2.46,1.031,11.72,28,,57.0,63.8,,28,12,759,Thursday,7,2016-07-28,False,903.8800000000001,0.0064652223489167614,Low,Excellent
,2016-07-28 12:40:23+00:00,4.97,,0.945,7.61,877.89,2.41,1.03,11.52,28,,56.8,63.8,,28,12,760,Thursday,7,2016-07-28,False,904.4,0.005661301529804417,Low,Excellent
,2016-07-28 12:41:23+00:00,5.07,,0.946,7.61,878.0,2.46,1.03,11.52,28,,55.7,63.8,,28,12,761,Thursday,7,2016-07-28,False,904.66,0.005774487471526197,Low,Excellent
,2016-07-28 12:42:21+00:00,5.17,,0.942,6.43,876.99,2.46,1.029,11.42,28,,55.2,63.8,,28,12,762,Thursday,7,2016-07-28,False,902.47,0.005895164140982223,Low,Excellent
,2016-07-28 12:43:20+00:00,5.17,,0.945,6.51,876.6,2.46,1.029,11.42,28,,55.1,63.8,,28,12,763,Thursday,7,2016-07-28,False,902.16,0.005897786903947068,Low,Excellent
,2016-07-28 12:44:24+00:00,4.97,,0.944,6.31,875.42,2.46,1.029,11.22,28,,55.0,63.9,,28,12,764,Thursday,7,2016-07-28,False,900.38,0.0056772749080441385,Low,Excellent
,2016-07-28 12:45:24+00:00,5.07,,0.945,6.21,873.28,2.46,1.029,11.22,28,,54.7,64.0,,28,12,765,Thursday,7,2016-07-28,False,898.24,0.0058056980578966655,Low,Excellent
,2016-07-28 12:46:21+00:00,5.57,,0.948,7.11,873.38,2.46,1.03,11.12,28,,54.4,64.1,,28,12,766,Thursday,7,2016-07-28,False,899.64,0.006377521811811583,Low,Excellent
,2016-07-28 12:47:20+00:00,5.57,,0.949,7.01,874.31,2.46,1.03,11.13,28,,54.3,64.4,,28,12,767,Thursday,7,2016-07-28,False,900.48,0.006370738067733413,Low,Excellent
,2016-07-28 12:48:20+00:00,5.77,,0.946,7.28,875.54,2.41,1.031,11.32,28,,54.1,64.6,,28,12,768,Thursday,7,2016-07-28,False,902.3199999999999,0.006590218607944811,Low,Excellent
,2016-07-28 12:49:23+00:00,5.77,,0.947,7.21,876.87,2.46,1.031,11.32,28,,53.4,64.8,,28,12,769,Thursday,7,2016-07-28,False,903.6300000000001,0.006580222838048969,Low,Excellent
,2016-07-28 12:50:23+00:00,5.77,,0.937,6.61,875.67,2.46,1.03,11.12,28,,52.4,65.1,,28,12,770,Thursday,7,2016-07-28,False,901.63,0.006589240238902783,Low,Excellent
,2016-07-28 12:51:22+00:00,5.87,,0.941,6.58,875.38,2.44,1.03,11.12,28,,52.7,65.4,,28,12,771,Thursday,7,2016-07-28,False,901.3900000000001,0.006705659256551441,Low,Excellent
,2016-07-28 12:52:21+00:00,6.47,,0.941,6.28,876.21,2.41,1.03,11.12,28,,52.6,65.8,,28,12,772,Thursday,7,2016-07-28,False,902.49,0.007384074593990025,Low,Excellent
,2016-07-28 12:53:21+00:00,6.47,,0.939,6.31,878.54,2.99,1.031,11.13,28,,52.0,66.2,,28,12,773,Thursday,7,2016-07-28,False,905.4399999999999,0.0073644910874860565,Low,Excellent
,2016-07-28 12:54:21+00:00,6.17,,0.937,6.51,875.97,3.76,1.031,11.12,28,,51.6,66.5,,28,12,774,Thursday,7,2016-07-28,False,903.53,0.007043620215304177,Low,Excellent
,2016-07-28 12:55:23+00:00,6.17,,0.926,6.51,875.27,3.71,1.031,11.12,28,,50.7,66.8,,28,12,775,Thursday,7,2016-07-28,False,902.78,0.0070492533732448275,Low,Excellent
,2016-07-28 12:56:20+00:00,6.57,,0.921,7.01,873.94,3.68,1.033,11.52,28,,49.7,67.2,,28,12,776,Thursday,7,2016-07-28,False,902.72,0.007517678559168821,Low,Excellent
,2016-07-28 12:57:22+00:00,6.57,,0.922,6.98,874.65,3.66,1.033,11.52,28,,48.6,67.5,,28,12,777,Thursday,7,2016-07-28,False,903.3799999999999,0.0075115760589950275,Low,Excellent
,2016-07-28 12:58:23+00:00,6.57,,0.914,6.43,877.16,3.64,1.032,11.62,28,,48.2,67.8,,28,12,778,Thursday,7,2016-07-28,False,905.42,0.007490081627069179,Low,Excellent
,2016-07-28 12:59:24+00:00,6.57,,0.915,6.41,873.54,3.66,1.032,11.62,28,,47.7,68.1,,28,12,779,Thursday,7,2016-07-28,False,901.8,0.007521120956109624,Low,Excellent
,2016-07-28 13:00:23+00:00,6.17,,0.921,6.98,875.5,3.59,1.031,10.72,28,,47.0,68.5,,28,13,780,Thursday,7,2016-07-28,False,902.96,0.007047401484865791,Low,Excellent
,2016-07-28 13:01:22+00:00,6.17,,0.919,6.91,874.82,3.61,1.031,10.72,28,,46.7,68.8,,28,13,781,Thursday,7,2016-07-28,False,902.2300000000001,0.007052879449486751,Low,Excellent
,2016-07-28 13:02:21+00:00,5.77,,0.915,7.73,874.11,3.66,1.033,11.82,28,,46.7,69.2,,28,13,782,Thursday,7,2016-07-28,False,903.09,0.006600999874157714,Low,Excellent
,2016-07-28 13:03:22+00:00,5.77,,0.918,7.83,875.86,3.64,1.033,11.82,28,,47.2,69.4,,28,13,783,Thursday,7,2016-07-28,False,904.9200000000001,0.006587810837348434,Low,Excellent
,2016-07-28 13:04:21+00:00,5.47,,0.917,6.58,873.07,3.59,1.031,11.22,28,,47.2,69.7,,28,13,784,Thursday,7,2016-07-28,False,899.9300000000001,0.0062652479182654305,Low,Excellent
,2016-07-28 13:05:24+00:00,5.47,,0.914,6.61,871.03,3.13,1.03,11.22,28,,49.0,69.8,,28,13,785,Thursday,7,2016-07-28,False,897.46,0.006279921472279944,Low,Excellent
,2016-07-28 13:06:22+00:00,5.47,,0.916,6.41,871.86,3.11,1.03,11.42,28,,49.2,69.9,,28,13,786,Thursday,7,2016-07-28,False,898.27,0.006273943064253435,Low,Excellent
,2016-07-28 13:07:22+00:00,5.47,,0.926,6.31,872.73,3.16,1.03,11.42,28,,48.4,70.1,,28,13,787,Thursday,7,2016-07-28,False,899.0899999999999,0.006267688746805999,Low,Excellent
,2016-07-28 13:08:21+00:00,5.47,,0.931,7.01,871.87,3.16,1.031,11.22,28,,48.8,70.1,,28,13,788,Thursday,7,2016-07-28,False,898.73,0.006273871104637159,Low,Excellent
,2016-07-28 13:09:22+00:00,5.37,,0.927,7.01,871.33,3.16,1.031,11.22,28,,49.5,70.2,,28,13,789,Thursday,7,2016-07-28,False,898.09,0.0061629922073152535,Low,Excellent
,2016-07-28 13:10:23+00:00,5.27,,0.925,6.41,870.34,3.11,1.03,11.12,28,,49.6,70.4,,28,13,790,Thursday,7,2016-07-28,False,896.25,0.006055104901532733,Low,Excellent
,2016-07-28 13:11:21+00:00,5.17,,0.914,6.31,872.72,3.16,1.03,11.12,28,,49.2,70.4,,28,13,791,Thursday,7,2016-07-28,False,898.48,0.005924007700064167,Low,Excellent
,2016-07-28 13:12:21+00:00,5.47,,0.91,5.81,871.02,3.16,1.029,11.02,28,,49.6,70.6,,28,13,792,Thursday,7,2016-07-28,False,896.4799999999999,0.006279993570756125,Low,Excellent
,2016-07-28 13:13:20+00:00,5.47,,0.921,5.71,872.99,3.18,1.029,11.02,28,,49.8,70.7,,28,13,793,Thursday,7,2016-07-28,False,898.3699999999999,0.006265822059817409,Low,Excellent
,2016-07-28 13:14:23+00:00,6.37,,0.928,6.01,872.82,3.16,1.03,11.02,28,,50.0,70.7,,28,13,794,Thursday,7,2016-07-28,False,899.38,0.007298182901400059,Low,Excellent
,2016-07-28 13:15:25+00:00,6.37,,0.937,5.98,871.85,3.13,1.03,11.02,28,,49.4,70.8,,28,13,795,Thursday,7,2016-07-28,False,898.35,0.007306302689682858,Low,Excellent
,2016-07-28 13:16:24+00:00,6.47,,0.941,6.51,872.92,3.18,1.032,11.62,28,,48.6,70.9,,28,13,796,Thursday,7,2016-07-28,False,900.6999999999999,0.007411904871007653,Low,Excellent
,2016-07-28 13:17:21+00:00,6.47,,0.94,6.48,872.83,3.13,1.032,11.62,28,,49.1,70.9,,28,13,797,Thursday,7,2016-07-28,False,900.5300000000001,0.0074126691337373825,Low,Excellent
,2016-07-28 13:18:21+00:00,7.07,,0.946,6.63,873.16,3.2,1.032,11.22,28,,48.6,71.0,,28,13,798,Thursday,7,2016-07-28,False,901.2800000000001,0.008097026890833296,Low,Excellent
,2016-07-28 13:19:24+00:00,7.07,,0.946,6.51,874.75,3.2,1.032,11.22,28,,49.5,71.0,,28,13,799,Thursday,7,2016-07-28,False,902.7500000000001,0.008082309231208918,Low,Excellent
,2016-07-28 13:20:23+00:00,7.97,,0.945,6.91,871.32,3.2,1.034,11.53,28,,49.6,71.0,,28,13,800,Thursday,7,2016-07-28,False,900.9300000000001,0.009147041270715695,Low,Excellent
,2016-07-28 13:21:22+00:00,7.97,,0.943,6.88,873.76,3.16,1.034,11.52,28,,49.2,71.0,,28,13,801,Thursday,7,2016-07-28,False,903.29,0.009121497894158578,Low,Excellent
,2016-07-28 13:22:23+00:00,8.17,,0.948,7.81,873.39,3.2,1.035,11.62,28,,49.2,71.0,,28,13,802,Thursday,7,2016-07-28,False,904.19,0.009354354870103849,Low,Excellent
,2016-07-28 13:23:20+00:00,8.17,,0.947,7.81,873.05,3.18,1.035,11.62,28,,49.5,71.0,,28,13,803,Thursday,7,2016-07-28,False,903.8299999999999,0.009357997823721436,Low,Excellent
,2016-07-28 13:24:22+00:00,8.57,,0.947,7.18,873.59,3.16,1.035,11.52,28,,49.7,71.0,,28,13,804,Thursday,7,2016-07-28,False,904.02,0.009810093980013507,Low,Excellent
,2016-07-28 13:25:25+00:00,8.57,,0.945,7.31,873.66,3.18,1.035,11.32,28,,49.7,71.0,,28,13,805,Thursday,7,2016-07-28,False,904.04,0.009809307968775039,Low,Excellent
,2016-07-28 13:26:21+00:00,8.67,,0.948,7.33,870.17,3.2,1.035,11.52,28,,49.7,70.9,,28,13,806,Thursday,7,2016-07-28,False,900.89,0.009963570336830735,Low,Excellent
,2016-07-28 13:27:22+00:00,8.67,,0.949,7.41,870.03,3.18,1.035,11.52,28,,49.7,70.9,,28,13,807,Thursday,7,2016-07-28,False,900.81,0.009965173614702942,Low,Excellent
,2016-07-28 13:28:23+00:00,8.47,,0.958,7.41,870.01,3.23,1.035,11.32,28,,49.6,70.9,,28,13,808,Thursday,7,2016-07-28,False,900.44,0.009735520281376076,Low,Excellent
,2016-07-28 13:29:23+00:00,8.47,,0.949,7.41,872.56,3.2,1.035,11.32,28,,49.1,71.0,,28,13,809,Thursday,7,2016-07-28,False,902.96,0.00970706885486385,Low,Excellent
,2016-07-28 13:30:24+00:00,7.77,,0.943,7.51,872.62,3.18,1.034,11.42,28,,49.7,71.1,,28,13,810,Thursday,7,2016-07-28,False,902.4999999999999,0.008904219476977377,Low,Excellent
,2016-07-28 13:31:24+00:00,7.67,,0.949,7.61,873.84,3.18,1.034,11.43,28,,49.8,71.2,,28,13,811,Thursday,7,2016-07-28,False,903.7299999999999,0.008777350544722146,Low,Excellent
,2016-07-28 13:32:21+00:00,7.57,,0.949,6.31,874.05,3.18,1.032,11.03,28,,50.0,71.3,,28,13,812,Thursday,7,2016-07-28,False,902.1399999999999,0.008660831760196787,Low,Excellent
,2016-07-28 13:33:21+00:00,7.57,,0.949,6.31,875.15,3.2,1.032,11.02,28,,50.3,71.3,,28,13,813,Thursday,7,2016-07-28,False,903.25,0.008649945723590242,Low,Excellent
,2016-07-28 13:34:22+00:00,6.77,,0.952,7.31,872.5,3.23,1.034,12.02,28,,50.0,71.3,,28,13,814,Thursday,7,2016-07-28,False,901.83,0.007759312320916905,Low,Excellent
,2016-07-28 13:35:23+00:00,6.77,,0.952,7.41,872.99,3.68,1.034,12.02,28,,49.7,71.3,,28,13,815,Thursday,7,2016-07-28,False,902.8699999999999,0.0077549571014559155,Low,Excellent
,2016-07-28 13:36:22+00:00,6.97,,0.953,6.18,874.99,3.68,1.032,11.12,28,,49.8,71.3,,28,13,816,Thursday,7,2016-07-28,False,902.9399999999999,0.007965805323489412,Low,Excellent
,2016-07-28 13:37:22+00:00,6.97,,0.955,6.21,873.63,3.68,1.032,11.12,28,,49.7,71.3,,28,13,817,Thursday,7,2016-07-28,False,901.6099999999999,0.007978205876629695,Low,Excellent
,2016-07-28 13:38:22+00:00,6.67,,0.957,7.11,871.8,3.73,1.032,10.82,28,,49.7,71.4,,28,13,818,Thursday,7,2016-07-28,False,900.13,0.0076508373480156005,Low,Excellent
,2016-07-28 13:39:22+00:00,6.87,,0.962,7.11,871.26,3.71,1.033,10.82,28,,50.0,71.5,,28,13,819,Thursday,7,2016-07-28,False,899.7700000000001,0.007885131877969838,Low,Excellent
,2016-07-28 13:40:23+00:00,6.77,,0.962,7.11,872.35,3.68,1.033,11.22,28,,50.1,71.6,,28,13,820,Thursday,7,2016-07-28,False,901.13,0.0077606465294893096,Low,Excellent
,2016-07-28 13:41:21+00:00,6.77,,0.969,7.11,875.65,3.66,1.033,11.22,28,,50.1,71.8,,28,13,821,Thursday,7,2016-07-28,False,904.41,0.0077313995317763945,Low,Excellent
,2016-07-28 13:42:21+00:00,6.77,,0.962,7.08,875.28,3.64,1.033,11.82,28,,50.2,71.9,,28,13,822,Thursday,7,2016-07-28,False,904.59,0.0077346677634585505,Low,Excellent
,2016-07-28 13:43:23+00:00,6.77,,0.962,8.71,874.26,3.66,1.035,11.82,28,,48.7,72.0,,28,13,823,Thursday,7,2016-07-28,False,905.22,0.007743691807928991,Low,Excellent
,2016-07-28 13:44:21+00:00,6.67,,0.959,7.89,873.41,3.64,1.034,11.52,28,,48.2,72.0,,28,13,824,Thursday,7,2016-07-28,False,903.1299999999999,0.007636734179823908,Low,Excellent
,2016-07-28 13:45:22+00:00,6.67,,0.959,8.02,875.6,3.66,1.034,11.52,28,,48.6,72.1,,28,13,825,Thursday,7,2016-07-28,False,905.47,0.007617633622658748,Low,Excellent
,2016-07-28 13:46:21+00:00,6.97,,0.959,8.22,873.63,3.18,1.034,11.32,28,,49.1,72.1,,28,13,826,Thursday,7,2016-07-28,False,903.32,0.007978205876629695,Low,Excellent
,2016-07-28 13:47:21+00:00,6.97,,0.96,8.19,873.34,3.18,1.034,11.32,28,,48.1,72.2,,28,13,827,Thursday,7,2016-07-28,False,903.0,0.007980855107976274,Low,Excellent
,2016-07-28 13:48:22+00:00,7.37,,0.967,8.62,872.68,3.2,1.035,11.73,28,,47.9,72.3,,28,13,828,Thursday,7,2016-07-28,False,903.6,0.008445249117660541,Low,Excellent
,2016-07-28 13:49:22+00:00,7.37,,0.965,8.52,874.22,3.23,1.035,11.73,28,,47.9,72.4,,28,13,829,Thursday,7,2016-07-28,False,905.07,0.008430372217519617,Low,Excellent
,2016-07-28 13:50:22+00:00,7.67,,0.966,9.02,873.3,3.18,1.036,11.32,28,,49.0,72.5,,28,13,830,Thursday,7,2016-07-28,False,904.49,0.008782777968624757,Low,Excellent
,2016-07-28 13:51:24+00:00,7.67,,0.968,9.02,873.18,3.23,1.036,11.32,28,,48.8,72.6,,28,13,831,Thursday,7,2016-07-28,False,904.42,0.008783984974461166,Low,Excellent
,2016-07-28 13:52:21+00:00,8.07,,0.962,8.02,870.45,3.18,1.034,10.62,28,,49.1,72.7,,28,13,832,Thursday,7,2016-07-28,False,900.34,0.009271066689643288,Low,Excellent
,2016-07-28 13:53:21+00:00,8.07,,0.957,8.12,872.03,3.2,1.034,10.62,28,,49.6,72.7,,28,13,833,Thursday,7,2016-07-28,False,902.0400000000001,0.009254268775156818,Low,Excellent
,2016-07-28 13:54:23+00:00,8.07,,0.955,8.84,873.36,3.71,1.036,10.92,28,,49.2,72.7,,28,13,834,Thursday,7,2016-07-28,False,904.9,0.009240175872492443,Low,Excellent
,2016-07-28 13:55:24+00:00,8.07,,0.96,8.74,873.12,3.71,1.036,10.92,28,,49.6,72.8,,28,13,835,Thursday,7,2016-07-28,False,904.5600000000001,0.009242715777899946,Low,Excellent
,2016-07-28 13:56:20+00:00,8.07,,0.955,8.74,873.67,3.68,1.037,12.12,28,,48.2,72.8,,28,13,836,Thursday,7,2016-07-28,False,906.28,0.009236897226641639,Low,Excellent
,2016-07-28 13:57:22+00:00,7.97,,0.958,8.84,873.52,3.68,1.037,12.12,28,,49.5,72.8,,28,13,837,Thursday,7,2016-07-28,False,906.1299999999999,0.009124004029673047,Low,Excellent
,2016-07-28 13:58:20+00:00,8.17,,0.959,8.32,871.96,3.71,1.036,11.22,28,,49.1,72.9,,28,13,838,Thursday,7,2016-07-28,False,903.3800000000001,0.009369695857608147,Low,Excellent
,2016-07-28 13:59:24+00:00,7.97,,0.962,8.31,871.49,3.66,1.036,11.22,28,,48.9,72.9,,28,13,839,Thursday,7,2016-07-28,False,902.65,0.00914525697368874,Low,Excellent
,2016-07-28 14:00:25+00:00,7.87,,0.965,8.72,874.25,3.73,1.036,11.12,28,,48.8,73.0,,28,14,840,Thursday,7,2016-07-28,False,905.69,0.009002001715756363,Low,Excellent
,2016-07-28 14:01:29+00:00,7.87,,0.961,8.72,873.05,3.73,1.036,11.22,28,,48.7,73.1,,28,14,841,Thursday,7,2016-07-28,False,904.59,0.009014374892617834,Low,Excellent
,2016-07-28 14:02:22+00:00,8.17,,0.966,8.92,873.13,3.68,1.037,11.22,28,,48.8,73.2,,28,14,842,Thursday,7,2016-07-28,False,905.12,0.009357140402918237,Low,Excellent
,2016-07-28 14:03:20+00:00,8.07,,0.966,8.79,871.16,3.66,1.036,11.22,28,,48.5,73.2,,28,14,843,Thursday,7,2016-07-28,False,902.9,0.009263510721337069,Low,Excellent
,2016-07-28 14:04:21+00:00,7.87,,0.966,8.24,870.58,3.68,1.036,11.52,28,,47.7,73.2,,28,14,844,Thursday,7,2016-07-28,False,901.89,0.00903995037790898,Low,Excellent
,2016-07-28 14:05:22+00:00,7.87,,0.967,8.32,872.21,3.73,1.036,11.52,28,,47.9,73.3,,28,14,845,Thursday,7,2016-07-28,False,903.6500000000001,0.009023056374038363,Low,Excellent
,2016-07-28 14:06:23+00:00,7.67,,0.961,8.29,872.2,3.16,1.035,11.13,28,,48.2,73.4,,28,14,846,Thursday,7,2016-07-28,False,902.45,0.008793854620499884,Low,Excellent
,2016-07-28 14:07:22+00:00,7.67,,0.961,8.29,873.75,3.16,1.035,11.12,28,,46.8,73.5,,28,14,847,Thursday,7,2016-07-28,False,903.99,0.008778254649499285,Low,Excellent
,2016-07-28 14:08:20+00:00,7.57,,0.962,7.79,875.24,3.16,1.034,11.12,28,,46.3,73.5,,28,14,848,Thursday,7,2016-07-28,False,904.88,0.008649056258854714,Low,Excellent
,2016-07-28 14:09:22+00:00,7.57,,0.962,7.84,874.88,3.2,1.034,11.12,28,,46.7,73.6,,28,14,849,Thursday,7,2016-07-28,False,904.61,0.008652615215801025,Low,Excellent
,2016-07-28 14:10:24+00:00,7.37,,0.962,8.32,874.28,3.18,1.034,11.12,28,,47.3,73.7,,28,14,850,Thursday,7,2016-07-28,False,904.27,0.008429793658782084,Low,Excellent
,2016-07-28 14:11:21+00:00,7.37,,0.965,8.32,875.53,3.2,1.034,11.12,28,,47.1,73.7,,28,14,851,Thursday,7,2016-07-28,False,905.5400000000001,0.008417758386348841,Low,Excellent
,2016-07-28 14:12:21+00:00,6.87,,0.967,8.39,875.08,3.18,1.034,11.12,28,,46.7,73.7,,28,14,852,Thursday,7,2016-07-28,False,904.64,0.007850710792156145,Low,Excellent
,2016-07-28 14:13:21+00:00,6.67,,0.96,8.42,875.65,3.2,1.034,11.12,28,,46.2,73.9,,28,14,853,Thursday,7,2016-07-28,False,905.0600000000001,0.007617198652429624,Low,Excellent
,2016-07-28 14:14:23+00:00,6.77,,0.962,9.02,873.13,3.18,1.034,10.82,28,,45.8,73.9,,28,14,854,Thursday,7,2016-07-28,False,902.92,0.007753713650888183,Low,Excellent
,2016-07-28 14:15:23+00:00,6.57,,0.967,8.92,873.98,3.23,1.034,10.82,28,,45.4,74.1,,28,14,855,Thursday,7,2016-07-28,False,903.5200000000001,0.007517334492780156,Low,Excellent
,2016-07-28 14:16:23+00:00,6.57,,0.968,9.02,871.03,3.18,1.036,12.22,28,,45.2,74.2,,28,14,856,Thursday,7,2016-07-28,False,902.02,0.007542794163232037,Low,Excellent
,2016-07-28 14:17:21+00:00,6.57,,0.967,8.99,872.44,3.16,1.035,12.22,28,,45.2,74.3,,28,14,857,Thursday,7,2016-07-28,False,903.38,0.007530603823758654,Low,Excellent
,2016-07-28 14:18:20+00:00,6.67,,0.967,8.72,870.41,3.2,1.035,11.62,28,,45.5,74.5,,28,14,858,Thursday,7,2016-07-28,False,900.62,0.007663055341735504,Low,Excellent
,2016-07-28 14:19:23+00:00,6.57,,0.969,8.72,875.42,3.64,1.035,11.62,28,,45.0,74.6,,28,14,859,Thursday,7,2016-07-28,False,905.9699999999999,0.007504969043430582,Low,Excellent
,2016-07-28 14:20:24+00:00,6.87,,0.966,8.12,873.22,3.68,1.034,10.82,28,,45.1,74.7,,28,14,860,Thursday,7,2016-07-28,False,902.71,0.00786743317835139,Low,Excellent
,2016-07-28 14:21:21+00:00,7.27,,0.963,8.09,874.51,3.66,1.034,10.82,28,,45.1,74.7,,28,14,861,Thursday,7,2016-07-28,False,904.35,0.008313226835599364,Low,Excellent
,2016-07-28 14:22:24+00:00,7.27,,0.959,8.22,876.48,5.52,1.037,11.42,28,,45.6,74.8,,28,14,862,Thursday,7,2016-07-28,False,908.91,0.008294541803577948,Low,Excellent
,2016-07-28 14:23:21+00:00,7.27,,0.96,8.22,875.5,6.69,1.038,11.42,28,,45.8,74.8,,28,14,863,Thursday,7,2016-07-28,False,909.1,0.008303826384922901,Low,Excellent
,2016-07-28 14:24:22+00:00,7.37,,0.96,8.62,876.92,6.99,1.04,11.92,28,,46.2,74.9,,28,14,864,Thursday,7,2016-07-28,False,911.8199999999999,0.008404415454089313,Low,Excellent
,2016-07-28 14:25:23+00:00,7.57,,0.964,8.59,878.75,6.95,1.04,11.92,28,,46.6,75.0,,28,14,865,Thursday,7,2016-07-28,False,913.78,0.008614509246088194,Low,Excellent
,2016-07-28 14:26:21+00:00,7.87,,0.963,8.82,876.43,6.96,1.04,11.12,28,,46.6,74.9,,28,14,866,Thursday,7,2016-07-28,False,911.2,0.008979610465182617,Low,Excellent
,2016-07-28 14:27:21+00:00,7.87,,0.97,8.92,875.88,6.93,1.04,11.12,28,,46.0,75.0,,28,14,867,Thursday,7,2016-07-28,False,910.7199999999999,0.00898524912088414,Low,Excellent
,2016-07-28 14:28:21+00:00,7.97,,0.972,9.22,876.43,6.96,1.04,11.23,28,,45.7,75.0,,28,14,868,Thursday,7,2016-07-28,False,911.8100000000001,0.009093709708704632,Low,Excellent
,2016-07-28 14:29:23+00:00,7.97,,0.974,9.19,878.39,6.96,1.04,11.22,28,,45.9,75.0,,28,14,869,Thursday,7,2016-07-28,False,913.73,0.009073418413233302,Low,Excellent
,2016-07-28 14:30:24+00:00,8.97,,0.971,8.59,863.01,6.38,1.041,11.42,28,,46.7,75.0,,28,14,870,Thursday,7,2016-07-28,False,898.3699999999999,0.010393854068898391,Low,Excellent
,2016-07-28 14:31:22+00:00,8.97,,0.972,8.62,863.85,6.43,1.041,11.42,28,,47.7,75.1,,28,14,871,Thursday,7,2016-07-28,False,899.29,0.010383747178329572,Low,Excellent
,2016-07-28 14:32:24+00:00,8.97,,0.97,7.82,861.33,6.5,1.04,11.52,28,,47.2,75.1,,28,14,872,Thursday,7,2016-07-28,False,896.14,0.010414126989655532,Low,Excellent
,2016-07-28 14:33:20+00:00,9.07,,0.968,7.82,882.73,6.43,1.039,11.52,28,,47.4,75.2,,28,14,873,Thursday,7,2016-07-28,False,917.5699999999999,0.010274942507901624,Low,Excellent
,2016-07-28 14:34:21+00:00,9.27,,0.968,7.42,886.3,6.46,1.039,11.82,28,,48.0,75.2,,28,14,874,Thursday,7,2016-07-28,False,921.2700000000001,0.010459212456278913,Low,Excellent
,2016-07-28 14:35:24+00:00,9.27,,0.967,7.52,876.52,6.46,1.04,11.82,28,,47.9,75.2,,28,14,875,Thursday,7,2016-07-28,False,911.59,0.010575913841098891,Low,Excellent
,2016-07-28 14:36:21+00:00,9.67,,0.97,8.12,876.71,6.43,1.041,11.62,28,,47.7,75.3,,28,14,876,Thursday,7,2016-07-28,False,912.55,0.011029873048100283,Low,Excellent
,2016-07-28 14:37:24+00:00,9.67,,0.97,7.99,875.15,6.45,1.041,11.62,28,,47.2,75.4,,28,14,877,Thursday,7,2016-07-28,False,910.88,0.011049534365537336,Low,Excellent
,2016-07-28 14:38:21+00:00,9.57,,0.974,8.89,874.61,6.43,1.042,11.62,28,,47.2,75.4,,28,14,878,Thursday,7,2016-07-28,False,911.12,0.01094201987171425,Low,Excellent
,2016-07-28 14:39:23+00:00,9.47,,0.97,8.99,874.68,6.46,1.042,11.62,28,,47.3,75.5,,28,14,879,Thursday,7,2016-07-28,False,911.22,0.010826816664380118,Low,Excellent
,2016-07-28 14:40:24+00:00,9.67,,0.975,9.59,875.28,6.41,1.043,11.72,28,,47.6,75.5,,28,14,880,Thursday,7,2016-07-28,False,912.67,0.011047893245589984,Low,Excellent
,2016-07-28 14:41:22+00:00,9.67,,0.971,9.52,874.64,6.45,1.043,11.72,28,,47.6,75.6,,28,14,881,Thursday,7,2016-07-28,False,912.0,0.011055977316381598,Low,Excellent
,2016-07-28 14:42:20+00:00,9.27,,0.968,9.39,873.58,6.46,1.042,11.72,28,,47.6,75.6,,28,14,882,Thursday,7,2016-07-28,False,910.4200000000001,0.010611506673687583,Low,Excellent
,2016-07-28 14:43:21+00:00,9.17,,0.968,9.39,873.87,6.46,1.042,11.72,28,,47.7,75.7,,28,14,883,Thursday,7,2016-07-28,False,910.6100000000001,0.010493551672445558,Low,Excellent
,2016-07-28 14:44:23+00:00,9.57,,0.966,8.69,872.77,6.75,1.041,10.93,28,,47.6,75.7,,28,14,884,Thursday,7,2016-07-28,False,908.7099999999999,0.010965088167558463,Low,Excellent
,2016-07-28 14:45:23+00:00,9.57,,0.963,8.79,873.66,6.43,1.041,10.82,28,,47.7,75.8,,28,14,885,Thursday,7,2016-07-28,False,909.27,0.010953918000137354,Low,Excellent
,2016-07-28 14:46:23+00:00,8.97,,0.967,8.77,872.45,6.43,1.04,10.62,28,,47.4,75.9,,28,14,886,Thursday,7,2016-07-28,False,907.24,0.010281391483752652,Low,Excellent
,2016-07-28 14:47:22+00:00,8.97,,0.969,8.67,875.01,6.48,1.04,10.62,28,,47.3,75.9,,28,14,887,Thursday,7,2016-07-28,False,909.75,0.010251311413583845,Low,Excellent
,2016-07-28 14:48:21+00:00,8.97,,0.968,7.91,872.03,6.41,1.04,11.22,28,,47.0,76.0,,28,14,888,Thursday,7,2016-07-28,False,906.54,0.010286343359746798,Low,Excellent
,2016-07-28 14:49:24+00:00,8.77,,0.971,7.84,873.48,6.45,1.039,11.22,28,,47.2,76.1,,28,14,889,Thursday,7,2016-07-28,False,907.7600000000001,0.010040298575811695,Low,Excellent
,2016-07-28 14:50:25+00:00,8.67,,0.969,9.01,875.08,6.45,1.04,11.22,28,,47.2,76.3,,28,14,890,Thursday,7,2016-07-28,False,910.4300000000001,0.009907665584860812,Low,Excellent
,2016-07-28 14:51:21+00:00,8.67,,0.971,8.94,876.21,6.45,1.04,11.22,28,,46.8,76.3,,28,14,891,Thursday,7,2016-07-28,False,911.4900000000001,0.009894888211730065,Low,Excellent
,2016-07-28 14:52:22+00:00,8.27,,0.971,8.41,875.21,6.42,1.04,11.52,28,,47.2,76.4,,28,14,892,Thursday,7,2016-07-28,False,909.8299999999999,0.009449160772843088,Low,Excellent
,2016-07-28 14:53:20+00:00,8.27,,0.975,8.44,876.09,6.42,1.04,11.52,28,,47.3,76.5,,28,14,893,Thursday,7,2016-07-28,False,910.74,0.009439669440354301,Low,Excellent
,2016-07-28 14:54:21+00:00,8.47,,0.973,8.04,875.83,6.4,1.039,11.22,28,,47.3,76.6,,28,14,894,Thursday,7,2016-07-28,False,909.96,0.009670826530262723,Low,Excellent
,2016-07-28 14:55:24+00:00,8.57,,0.972,7.94,875.99,6.5,1.039,11.22,28,,47.1,76.7,,28,14,895,Thursday,7,2016-07-28,False,910.22,0.009783216703387025,Low,Excellent
,2016-07-28 14:56:23+00:00,8.47,,0.971,8.54,874.67,6.45,1.04,11.22,28,,46.7,76.8,,28,14,896,Thursday,7,2016-07-28,False,909.35,0.009683652120228202,Low,Excellent
,2016-07-28 14:57:21+00:00,8.57,,0.971,8.54,872.99,6.45,1.04,11.22,28,,46.8,76.9,,28,14,897,Thursday,7,2016-07-28,False,907.7700000000001,0.009816836389878464,Low,Excellent
,2016-07-28 14:58:22+00:00,8.37,,0.973,9.04,873.77,6.45,1.04,11.32,28,,46.4,77.0,,28,14,898,Thursday,7,2016-07-28,False,908.95,0.009579179875710999,Low,Excellent
,2016-07-28 14:59:24+00:00,8.47,,0.975,8.81,876.25,6.43,1.04,11.12,28,,46.5,77.1,,28,14,899,Thursday,7,2016-07-28,False,911.0799999999999,0.009666191155492155,Low,Excellent
,2016-07-28 15:00:22+00:00,8.77,,0.969,8.24,873.95,6.43,1.04,11.42,28,,46.8,77.2,,28,15,900,Thursday,7,2016-07-28,False,908.81,0.010034899021683162,Low,Excellent
,2016-07-28 15:01:24+00:00,8.77,,0.969,8.21,873.37,6.43,1.041,12.22,28,,45.8,77.3,,28,15,901,Thursday,7,2016-07-28,False,909.0,0.010041563140478835,Low,Excellent
,2016-07-28 15:02:23+00:00,8.77,,0.963,7.64,879.17,6.45,1.039,11.62,28,,45.6,77.4,,28,15,902,Thursday,7,2016-07-28,False,913.65,0.009975317629127473,Low,Excellent
,2016-07-28 15:03:20+00:00,8.77,,0.967,7.54,867.96,6.5,1.04,11.63,28,,45.8,77.4,,28,15,903,Thursday,7,2016-07-28,False,902.4,0.010104152265081339,Low,Excellent
,2016-07-28 15:04:21+00:00,9.17,,0.968,8.34,871.25,6.48,1.04,10.82,28,,45.2,77.6,,28,15,904,Thursday,7,2016-07-28,False,906.0600000000001,0.010525107604017217,Low,Excellent
,2016-07-28 15:05:23+00:00,9.37,,0.968,8.44,869.5,6.96,1.041,11.22,28,,45.2,77.6,,28,15,905,Thursday,7,2016-07-28,False,905.49,0.010776308223116733,Low,Excellent
,2016-07-28 15:06:24+00:00,9.77,,0.968,9.01,869.52,6.98,1.043,11.72,28,,45.2,78.1,,28,15,906,Thursday,7,2016-07-28,False,907.0,0.011236084276382372,Low,Excellent
,2016-07-28 15:07:22+00:00,9.77,,0.971,9.09,867.5,6.98,1.043,11.73,28,,44.7,78.2,,28,15,907,Thursday,7,2016-07-28,False,905.07,0.011262247838616714,Low,Excellent
,2016-07-28 15:08:21+00:00,9.77,,0.973,8.71,868.98,6.93,1.043,11.73,28,,44.9,78.3,,28,15,908,Thursday,7,2016-07-28,False,906.12,0.011243066583810904,Low,Excellent
,2016-07-28 15:09:23+00:00,9.97,,0.972,8.74,868.26,6.96,1.043,11.72,28,,45.0,78.4,,28,15,909,Thursday,7,2016-07-28,False,905.6500000000001,0.011482735586114758,Low,Excellent
,2016-07-28 15:10:22+00:00,9.77,,0.977,9.04,868.89,6.98,1.043,11.62,28,,44.7,78.6,,28,15,910,Thursday,7,2016-07-28,False,906.3,0.011244231145484469,Low,Excellent
,2016-07-28 15:11:21+00:00,9.77,,0.975,9.04,868.69,6.98,1.043,11.62,28,,44.6,78.6,,28,15,911,Thursday,7,2016-07-28,False,906.1,0.01124681992425376,Low,Excellent
,2016-07-28 15:12:21+00:00,9.77,,0.975,9.66,872.75,6.96,1.043,11.02,28,,44.6,78.7,,28,15,912,Thursday,7,2016-07-28,False,910.16,0.011194500143225436,Low,Excellent
,2016-07-28 15:13:20+00:00,9.97,,0.974,9.64,876.21,6.98,1.043,11.02,28,,44.8,78.6,,28,15,913,Thursday,7,2016-07-28,False,913.82,0.011378550804030997,Low,Excellent
,2016-07-28 15:14:23+00:00,10.27,,0.972,9.22,876.48,6.96,1.043,11.42,28,,45.5,78.4,,28,15,914,Thursday,7,2016-07-28,False,914.35,0.011717323840817816,Low,Excellent
,2016-07-28 15:15:25+00:00,10.27,,0.975,8.81,874.48,6.98,1.043,11.52,28,,45.6,78.1,,28,15,915,Thursday,7,2016-07-28,False,912.0600000000001,0.011744122221205744,Low,Excellent
,2016-07-28 15:16:24+00:00,9.87,,0.967,8.44,876.06,6.98,1.042,11.72,28,,45.6,77.6,,28,15,916,Thursday,7,2016-07-28,False,913.0699999999999,0.011266351619752072,Low,Excellent
,2016-07-28 15:17:20+00:00,9.87,,0.973,8.54,876.77,6.95,1.042,11.72,28,,46.0,77.5,,28,15,917,Thursday,7,2016-07-28,False,913.85,0.011257228235455136,Low,Excellent
,2016-07-28 15:18:20+00:00,10.27,,0.973,9.24,879.01,6.99,1.042,10.62,28,,46.6,77.3,,28,15,918,Thursday,7,2016-07-28,False,916.13,0.011683598593872652,Low,Excellent
,2016-07-28 15:19:24+00:00,10.17,,0.977,9.19,878.48,6.93,1.042,10.62,28,,46.8,76.9,,28,15,919,Thursday,7,2016-07-28,False,915.39,0.011576814497768873,Low,Excellent
,2016-07-28 15:20:23+00:00,10.17,,0.981,9.99,878.79,6.93,1.044,11.62,28,,47.4,76.8,,28,15,920,Thursday,7,2016-07-28,False,917.4999999999999,0.011572730686512137,Low,Excellent
,2016-07-28 15:21:24+00:00,10.17,,0.982,10.02,881.2,7.01,1.044,11.62,28,,47.9,76.7,,28,15,921,Thursday,7,2016-07-28,False,920.0200000000001,0.011541080344984111,Low,Excellent
,2016-07-28 15:22:21+00:00,10.37,,0.978,9.82,883.73,7.01,1.043,11.22,28,,48.1,76.4,,28,15,922,Thursday,7,2016-07-28,False,922.1500000000001,0.0117343532526903,Low,Excellent
,2016-07-28 15:23:20+00:00,10.37,,0.979,9.72,881.6,6.98,1.044,11.42,28,,48.3,76.2,,28,15,923,Thursday,7,2016-07-28,False,920.09,0.011762704174228674,Low,Excellent
,2016-07-28 15:24:23+00:00,10.57,,0.98,8.94,878.99,6.99,1.043,11.42,28,,48.6,76.2,,28,15,924,Thursday,7,2016-07-28,False,916.91,0.01202516524647607,Low,Excellent
,2016-07-28 15:25:22+00:00,10.47,,0.974,8.94,880.51,6.96,1.043,11.42,28,,48.3,76.1,,28,15,925,Thursday,7,2016-07-28,False,918.3,0.011890835992776913,Low,Excellent
,2016-07-28 15:26:21+00:00,10.47,,0.974,8.34,879.83,7.01,1.043,12.02,28,,48.3,75.9,,28,15,926,Thursday,7,2016-07-28,False,917.6700000000001,0.011900026141413682,Low,Excellent
,2016-07-28 15:27:21+00:00,10.47,,0.965,8.42,880.71,6.98,1.042,11.32,28,,49.0,75.7,,28,15,927,Thursday,7,2016-07-28,False,917.9000000000001,0.01188813570868958,Low,Excellent
,2016-07-28 15:28:19+00:00,10.07,,0.97,8.22,882.32,6.98,1.041,11.12,28,,49.0,75.6,,28,15,928,Thursday,7,2016-07-28,False,918.71,0.01141309275546287,Low,Excellent
,2016-07-28 15:29:23+00:00,10.07,,0.973,8.22,892.36,6.98,1.041,11.42,28,,49.2,75.6,,28,15,929,Thursday,7,2016-07-28,False,929.05,0.011284683311667936,Low,Excellent
,2016-07-28 15:30:23+00:00,10.47,,0.974,8.89,900.67,6.95,1.043,12.22,28,,49.0,75.5,,28,15,930,Thursday,7,2016-07-28,False,939.2,0.011624679405331588,Medium,Excellent
,2016-07-28 15:31:24+00:00,10.17,,0.977,8.92,904.15,7.01,1.042,12.22,28,,49.7,75.5,,28,15,931,Thursday,7,2016-07-28,False,942.47,0.011248133606149423,Medium,Excellent
,2016-07-28 15:32:21+00:00,10.17,,0.976,9.12,903.76,6.96,1.041,11.22,28,,50.1,75.5,,28,15,932,Thursday,7,2016-07-28,False,941.23,0.011252987518810304,Medium,Excellent
,2016-07-28 15:33:20+00:00,10.17,,0.974,9.12,903.59,6.96,1.041,11.22,28,,50.6,75.4,,28,15,933,Thursday,7,2016-07-28,False,941.0600000000001,0.01125510463816554,Medium,Excellent
,2016-07-28 15:34:24+00:00,9.67,,0.973,8.49,901.01,6.96,1.041,11.42,28,,51.4,75.4,,28,15,934,Thursday,7,2016-07-28,False,937.55,0.010732400306322904,Medium,Excellent
,2016-07-28 15:35:24+00:00,9.57,,0.972,8.52,899.49,6.93,1.04,11.02,28,,51.9,75.4,,28,15,935,Thursday,7,2016-07-28,False,935.53,0.01063936230530634,Medium,Excellent
,2016-07-28 15:36:22+00:00,9.87,,0.975,8.19,900.82,6.48,1.04,11.12,28,,52.8,75.4,,28,15,936,Thursday,7,2016-07-28,False,936.48,0.010956683910215136,Medium,Excellent
,2016-07-28 15:37:22+00:00,9.67,,0.973,8.22,904.07,6.45,1.039,11.12,28,,53.2,75.3,,28,15,937,Thursday,7,2016-07-28,False,939.5300000000001,0.010696074419016226,Medium,Excellent
,2016-07-28 15:38:20+00:00,9.87,,0.975,8.92,903.09,6.48,1.041,11.52,28,,54.0,75.2,,28,15,938,Thursday,7,2016-07-28,False,939.88,0.010929143274756668,Medium,Excellent
,2016-07-28 15:39:24+00:00,10.07,,0.974,8.59,903.18,6.45,1.041,11.52,28,,54.8,75.2,,28,15,939,Thursday,7,2016-07-28,False,939.81,0.011149494010053367,Medium,Excellent
,2016-07-28 15:40:23+00:00,10.37,,0.976,8.22,903.61,6.45,1.04,10.92,28,,55.0,75.1,,28,15,940,Thursday,7,2016-07-28,False,939.57,0.011476189949203748,Medium,Excellent
,2016-07-28 15:41:21+00:00,10.37,,0.978,8.32,903.61,6.45,1.04,11.12,28,,55.2,75.0,,28,15,941,Thursday,7,2016-07-28,False,939.87,0.011476189949203748,Medium,Excellent
,2016-07-28 15:42:23+00:00,11.37,,0.978,8.89,900.96,7.71,1.043,10.92,28,,56.0,74.8,,28,15,942,Thursday,7,2016-07-28,False,939.85,0.012619872136387851,Medium,Excellent
,2016-07-28 15:43:20+00:00,11.57,,0.979,8.92,901.45,7.89,1.044,10.92,28,,56.3,74.6,,28,15,943,Thursday,7,2016-07-28,False,940.75,0.012834877142381717,Medium,Excellent
,2016-07-28 15:44:21+00:00,12.27,,0.977,7.92,905.06,7.94,1.043,11.12,28,,56.5,74.5,,28,15,944,Thursday,7,2016-07-28,False,944.3100000000001,0.013557112235652886,Medium,Excellent
,2016-07-28 15:45:24+00:00,12.27,,0.976,7.92,904.67,7.86,1.044,11.72,28,,56.8,74.4,,28,15,945,Thursday,7,2016-07-28,False,944.4399999999999,0.013562956658228967,Medium,Excellent
,2016-07-28 15:46:25+00:00,13.17,,0.983,8.22,904.66,7.86,1.045,11.72,28,,56.8,74.3,,28,15,946,Thursday,7,2016-07-28,False,945.63,0.014557955474985078,Medium,Excellent
,2016-07-28 15:47:23+00:00,13.57,,0.979,8.32,904.96,7.89,1.046,11.72,28,,57.1,74.1,,28,15,947,Thursday,7,2016-07-28,False,946.46,0.014995137906647808,Medium,Excellent
,2016-07-28 15:48:22+00:00,14.07,,0.982,9.12,904.01,7.91,1.047,11.52,28,,57.0,74.0,,28,15,948,Thursday,7,2016-07-28,False,946.63,0.01556398712403624,Medium,Excellent
,2016-07-28 15:49:24+00:00,14.17,,0.983,9.22,903.8,7.92,1.047,11.52,28,,57.1,73.7,,28,15,949,Thursday,7,2016-07-28,False,946.6299999999999,0.01567824739986723,Medium,Excellent
,2016-07-28 15:50:24+00:00,14.87,,0.985,9.02,901.51,7.89,1.048,11.32,28,,57.3,73.5,,28,15,950,Thursday,7,2016-07-28,False,944.61,0.01649454803607281,Medium,Excellent
,2016-07-28 15:51:22+00:00,14.97,,0.984,8.99,904.27,7.86,1.048,11.32,28,,57.0,73.3,,28,15,951,Thursday,7,2016-07-28,False,947.4100000000001,0.01655479005164387,Medium,Excellent
,2016-07-28 15:52:22+00:00,15.37,,0.987,9.89,904.3,8.25,1.05,11.62,28,,57.0,73.2,,28,15,952,Thursday,7,2016-07-28,False,949.43,0.01699657193409267,Medium,Excellent
,2016-07-28 15:53:21+00:00,15.37,,0.984,9.92,902.92,8.42,1.05,11.52,28,,57.1,73.1,,28,15,953,Thursday,7,2016-07-28,False,948.1499999999999,0.017022549063039915,Medium,Excellent
,2016-07-28 15:54:22+00:00,15.47,,0.983,10.02,900.81,8.41,1.05,11.52,28,,57.2,73.1,,28,15,954,Thursday,7,2016-07-28,False,946.2299999999999,0.01717343279936946,Medium,Excellent
,2016-07-28 15:55:23+00:00,15.47,,0.981,9.99,902.97,8.37,1.05,11.52,28,,57.5,73.2,,28,15,955,Thursday,7,2016-07-28,False,948.32,0.017132352126870216,Medium,Excellent
,2016-07-28 15:56:23+00:00,15.57,,0.976,9.42,903.47,8.42,1.049,10.92,28,,57.5,73.3,,28,15,956,Thursday,7,2016-07-28,False,947.8,0.017233555071004016,Medium,Excellent
,2016-07-28 15:57:21+00:00,15.57,,0.978,9.39,902.23,8.36,1.05,11.82,28,,57.8,73.3,,28,15,957,Thursday,7,2016-07-28,False,947.3700000000001,0.01725724039324784,Medium,Excellent
,2016-07-28 15:58:20+00:00,14.87,,0.973,8.72,901.57,8.39,1.049,12.02,28,,57.8,73.4,,28,15,958,Thursday,7,2016-07-28,False,945.57,0.016493450314451454,Medium,Excellent
,2016-07-28 15:59:25+00:00,14.77,,0.973,8.72,903.61,8.42,1.048,11.82,28,,57.5,73.4,,28,15,959,Thursday,7,2016-07-28,False,947.34,0.016345547304700035,Medium,Excellent
,2016-07-28 16:00:23+00:00,14.87,,0.976,9.29,902.96,8.37,1.049,11.32,28,,57.5,73.5,,28,16,960,Thursday,7,2016-07-28,False,946.8100000000001,0.01646806060069106,Medium,Excellent
,2016-07-28 16:01:24+00:00,14.67,,0.978,9.32,903.3,8.42,1.048,11.32,28,,57.5,73.6,,28,16,961,Thursday,7,2016-07-28,False,947.03,0.01624045167718366,Medium,Excellent
,2016-07-28 16:02:24+00:00,14.47,,0.981,9.09,904.07,8.37,1.049,11.92,28,,57.1,73.6,,28,16,962,Thursday,7,2016-07-28,False,947.9200000000001,0.01600539781211632,Medium,Excellent
,2016-07-28 16:03:22+00:00,14.47,,0.979,9.39,899.88,7.91,1.048,11.22,28,,57.1,73.7,,28,16,963,Thursday,7,2016-07-28,False,942.87,0.01607992176734676,Medium,Excellent
,2016-07-28 16:04:23+00:00,13.97,,0.981,9.52,898.6,7.89,1.047,11.22,28,,57.6,73.7,,28,16,964,Thursday,7,2016-07-28,False,941.2,0.015546405519697307,Medium,Excellent
,2016-07-28 16:05:24+00:00,13.77,,0.983,9.52,897.38,7.89,1.047,10.72,28,,57.8,73.8,,28,16,965,Thursday,7,2016-07-28,False,939.28,0.015344670039448172,Medium,Excellent
,2016-07-28 16:06:22+00:00,13.47,,0.98,9.06,899.34,7.84,1.046,11.22,28,,58.0,73.9,,28,16,966,Thursday,7,2016-07-28,False,940.9300000000001,0.014977650276869705,Medium,Excellent
,2016-07-28 16:07:22+00:00,13.37,,0.984,9.09,901.52,7.86,1.046,11.22,28,,57.9,73.8,,28,16,967,Thursday,7,2016-07-28,False,943.0600000000001,0.01483050847457627,Medium,Excellent
,2016-07-28 16:08:21+00:00,12.97,,0.978,8.79,901.94,7.89,1.045,11.32,28,,58.1,73.8,,28,16,968,Thursday,7,2016-07-28,False,942.9100000000001,0.014380113976539459,Medium,Excellent
,2016-07-28 16:09:24+00:00,12.97,,0.981,8.79,899.93,7.82,1.046,11.62,28,,58.0,73.8,,28,16,969,Thursday,7,2016-07-28,False,941.13,0.01441223206249375,Medium,Excellent
,2016-07-28 16:10:27+00:00,11.87,,0.979,8.49,902.93,7.85,1.044,11.93,28,,58.1,73.8,,28,16,970,Thursday,7,2016-07-28,False,943.0699999999999,0.013146091059107572,Medium,Excellent
,2016-07-28 16:11:22+00:00,11.87,,0.977,8.59,902.22,7.88,1.045,11.92,28,,58.1,73.7,,28,16,971,Thursday,7,2016-07-28,False,942.48,0.013156436345902328,Medium,Excellent
,2016-07-28 16:12:22+00:00,11.57,,0.976,8.79,899.63,7.89,1.044,11.32,28,,58.0,73.6,,28,16,972,Thursday,7,2016-07-28,False,939.2,0.012860842790925158,Medium,Excellent
,2016-07-28 16:13:22+00:00,11.57,,0.977,8.79,897.5,7.89,1.044,11.33,28,,58.0,73.5,,28,16,973,Thursday,7,2016-07-28,False,937.08,0.012891364902506964,Medium,Excellent
,2016-07-28 16:14:23+00:00,11.17,,0.981,8.89,898.21,7.89,1.044,11.72,28,,57.5,73.7,,28,16,974,Thursday,7,2016-07-28,False,937.88,0.012435844624308346,Medium,Excellent
,2016-07-28 16:15:24+00:00,11.17,,0.974,8.84,902.17,7.89,1.044,11.72,28,,57.7,73.9,,28,16,975,Thursday,7,2016-07-28,False,941.79,0.012381258521121296,Medium,Excellent
,2016-07-28 16:16:24+00:00,11.37,,0.977,8.24,899.21,7.86,1.043,11.42,28,,57.6,74.0,,28,16,976,Thursday,7,2016-07-28,False,938.1,0.012644432335049654,Medium,Excellent
,2016-07-28 16:17:21+00:00,11.67,,0.977,8.34,900.15,7.87,1.044,11.43,28,,57.5,74.2,,28,16,977,Thursday,7,2016-07-28,False,939.4599999999999,0.01296450591568072,Medium,Excellent
,2016-07-28 16:18:22+00:00,11.77,,0.976,8.21,898.18,7.84,1.043,11.23,28,,57.3,74.5,,28,16,978,Thursday,7,2016-07-28,False,937.23,0.013104277539023358,Medium,Excellent
,2016-07-28 16:19:24+00:00,11.77,,0.978,8.24,904.42,7.86,1.043,11.22,28,,57.4,74.5,,28,16,979,Thursday,7,2016-07-28,False,943.51,0.013013865239601071,Medium,Excellent
,2016-07-28 16:20:25+00:00,11.97,,0.977,8.74,904.68,7.87,1.044,11.52,28,,57.5,74.4,,28,16,980,Thursday,7,2016-07-28,False,944.78,0.013231197771587745,Medium,Excellent
,2016-07-28 16:21:22+00:00,12.07,,0.977,8.64,905.01,7.89,1.044,11.52,28,,57.4,74.3,,28,16,981,Thursday,7,2016-07-28,False,945.13,0.013336869205865128,Medium,Excellent
,2016-07-28 16:22:21+00:00,12.37,,0.976,9.44,907.6,7.83,1.045,11.52,28,,57.5,74.1,,28,16,982,Thursday,7,2016-07-28,False,948.76,0.013629352137505508,Medium,Excellent
,2016-07-28 16:23:22+00:00,12.37,,0.984,9.44,907.03,8.32,1.046,11.52,28,,58.0,74.1,,28,16,983,Thursday,7,2016-07-28,False,948.68,0.013637917158197633,Medium,Excellent
,2016-07-28 16:24:22+00:00,12.27,,0.98,8.64,901.82,8.39,1.046,12.02,28,,57.5,73.9,,28,16,984,Thursday,7,2016-07-28,False,943.14,0.013605819343106161,Medium,Excellent
,2016-07-28 16:25:26+00:00,12.47,,0.98,8.64,903.62,8.4,1.046,12.02,28,,57.9,73.8,,28,16,985,Thursday,7,2016-07-28,False,945.15,0.013800048693034684,Medium,Excellent
,2016-07-28 16:26:23+00:00,13.07,,0.981,8.84,903.32,8.37,1.046,11.52,28,,58.0,73.8,,28,16,986,Thursday,7,2016-07-28,False,945.12,0.014468848248682636,Medium,Excellent
,2016-07-28 16:27:21+00:00,13.07,,0.988,8.94,903.71,8.39,1.046,11.52,28,,57.7,73.7,,28,16,987,Thursday,7,2016-07-28,False,945.63,0.014462604153987452,Medium,Excellent
,2016-07-28 16:28:21+00:00,12.67,,0.985,8.94,901.6,8.42,1.046,11.02,28,,57.9,73.7,,28,16,988,Thursday,7,2016-07-28,False,942.65,0.0140527950310559,Medium,Excellent
,2016-07-28 16:29:25+00:00,12.57,,0.988,8.94,903.25,8.39,1.045,11.02,28,,58.2,73.6,,28,16,989,Thursday,7,2016-07-28,False,944.17,0.013916412953224468,Medium,Excellent
,2016-07-28 16:30:23+00:00,12.57,,0.988,8.61,907.1,8.42,1.045,11.42,28,,58.1,73.4,,28,16,990,Thursday,7,2016-07-28,False,948.1199999999999,0.013857347591224782,Medium,Excellent
,2016-07-28 16:31:23+00:00,12.57,,0.989,8.74,905.26,8.37,1.045,11.42,28,,57.8,73.2,,28,16,991,Thursday,7,2016-07-28,False,946.3599999999999,0.01388551355411705,Medium,Excellent
,2016-07-28 16:32:23+00:00,11.67,,0.995,9.14,906.27,8.39,1.045,11.42,28,,57.9,73.1,,28,16,992,Thursday,7,2016-07-28,False,946.8899999999999,0.01287695719818597,Medium,Excellent
,2016-07-28 16:33:23+00:00,11.67,,0.994,9.11,907.34,8.39,1.045,11.42,28,,58.0,72.9,,28,16,993,Thursday,7,2016-07-28,False,947.93,0.012861771772433707,Medium,Excellent
,2016-07-28 16:34:24+00:00,11.87,,0.996,9.67,907.59,8.41,1.046,11.52,28,,58.0,72.9,,28,16,994,Thursday,7,2016-07-28,False,949.06,0.013078592756641213,Medium,Excellent
,2016-07-28 16:35:25+00:00,11.77,,0.997,9.54,908.96,8.38,1.045,11.32,28,,58.1,72.9,,28,16,995,Thursday,7,2016-07-28,False,949.97,0.012948864636507657,Medium,Excellent
,2016-07-28 16:36:22+00:00,11.47,,0.996,8.74,912.83,8.36,1.043,10.92,28,,58.2,72.7,,28,16,996,Thursday,7,2016-07-28,False,952.32,0.012565318843596289,Medium,Excellent
,2016-07-28 16:37:22+00:00,11.47,,0.996,8.61,912.62,8.41,1.043,10.92,28,,58.4,72.7,,28,16,997,Thursday,7,2016-07-28,False,952.03,0.012568210207972651,Medium,Excellent
,2016-07-28 16:38:22+00:00,10.77,,0.992,8.74,912.68,8.39,1.043,11.02,28,,58.4,72.8,,28,16,998,Thursday,7,2016-07-28,False,951.5999999999999,0.01180041197352851,Medium,Excellent
,2016-07-28 16:39:24+00:00,10.77,,0.998,8.87,913.38,8.41,1.043,11.62,28,,58.5,72.9,,28,16,999,Thursday,7,2016-07-28,False,953.05,0.011791368324246206,Medium,Excellent
,2016-07-28 16:40:26+00:00,10.57,,0.994,9.44,914.04,8.36,1.044,11.62,28,,59.1,73.0,,28,16,1000,Thursday,7,2016-07-28,False,954.03,0.01156404533718437,Medium,Excellent
,2016-07-28 16:41:22+00:00,10.57,,0.996,9.34,911.41,8.36,1.044,11.62,28,,58.9,73.1,,28,16,1001,Thursday,7,2016-07-28,False,951.3,0.011597414994349416,Medium,Excellent
,2016-07-28 16:42:21+00:00,10.37,,0.996,9.37,913.96,8.39,1.043,11.62,28,,58.8,73.1,,28,16,1002,Thursday,7,2016-07-28,False,953.71,0.011346229594292965,Medium,Excellent
,2016-07-28 16:43:22+00:00,10.27,,0.994,9.37,913.59,8.34,1.043,11.62,28,,58.0,73.1,,28,16,1003,Thursday,7,2016-07-28,False,953.19,0.011241366477303822,Medium,Excellent
,2016-07-28 16:44:23+00:00,10.47,,0.988,9.04,913.02,7.89,1.042,11.12,28,,58.0,73.1,,28,16,1004,Thursday,7,2016-07-28,False,951.54,0.011467437734113163,Medium,Excellent
,2016-07-28 16:45:23+00:00,10.47,,0.987,9.07,912.05,7.89,1.042,11.22,28,,57.4,73.2,,28,16,1005,Thursday,7,2016-07-28,False,950.6999999999999,0.011479633792007019,Medium,Excellent
,2016-07-28 16:46:22+00:00,10.47,,0.986,8.97,913.33,7.89,1.043,11.52,28,,57.2,73.3,,28,16,1006,Thursday,7,2016-07-28,False,952.1800000000001,0.01146354548739229,Medium,Excellent
,2016-07-28 16:47:22+00:00,10.77,,0.989,8.94,912.49,7.86,1.043,11.52,28,,57.3,73.4,,28,16,1007,Thursday,7,2016-07-28,False,951.58,0.01180286907253778,Medium,Excellent
,2016-07-28 16:48:21+00:00,10.57,,0.991,8.97,912.52,7.87,1.042,11.22,28,,57.4,73.4,,28,16,1008,Thursday,7,2016-07-28,False,951.15,0.011583307763117522,Medium,Excellent
,2016-07-28 16:49:24+00:00,10.67,,0.993,8.97,912.97,8.34,1.043,11.22,28,,57.7,73.4,,28,16,1009,Thursday,7,2016-07-28,False,952.1700000000001,0.011687131011971915,Medium,Excellent
,2016-07-28 16:50:24+00:00,10.57,,0.99,8.74,913.05,8.34,1.043,11.62,28,,57.8,73.5,,28,16,1010,Thursday,7,2016-07-28,False,952.3199999999999,0.01157658397678112,Medium,Excellent
,2016-07-28 16:51:21+00:00,10.57,,0.988,8.77,909.52,8.41,1.044,11.92,28,,57.3,73.5,,28,16,1011,Thursday,7,2016-07-28,False,949.1899999999999,0.01162151464508752,Medium,Excellent
,2016-07-28 16:52:22+00:00,9.87,,0.99,9.17,910.05,8.42,1.043,11.52,28,,57.0,73.5,,28,16,1012,Thursday,7,2016-07-28,False,949.0299999999999,0.010845557936377122,Medium,Excellent
,2016-07-28 16:53:21+00:00,9.77,,0.99,9.11,910.87,8.39,1.043,11.52,28,,57.2,73.5,,28,16,1013,Thursday,7,2016-07-28,False,949.66,0.010726009199995609,Medium,Excellent
,2016-07-28 16:54:22+00:00,10.07,,0.99,9.11,909.1,8.36,1.043,11.32,28,,57.2,73.5,,28,16,1014,Thursday,7,2016-07-28,False,947.96,0.01107688923110769,Medium,Excellent
,2016-07-28 16:55:23+00:00,10.07,,0.994,9.24,908.08,8.41,1.044,11.92,28,,57.4,73.5,,28,16,1015,Thursday,7,2016-07-28,False,947.72,0.011089331336446127,Medium,Excellent
,2016-07-28 16:56:23+00:00,9.77,,0.989,8.34,907.17,8.43,1.042,11.42,28,,57.2,73.5,,28,16,1016,Thursday,7,2016-07-28,False,945.1299999999999,0.010769756495474939,Medium,Excellent
,2016-07-28 16:57:21+00:00,9.77,,0.991,8.34,908.55,8.44,1.042,11.42,28,,57.3,73.5,,28,16,1017,Thursday,7,2016-07-28,False,946.52,0.010753398271971823,Medium,Excellent
,2016-07-28 16:58:21+00:00,9.87,,0.987,7.94,910.61,8.38,1.041,11.22,28,,57.6,73.6,,28,16,1018,Thursday,7,2016-07-28,False,948.02,0.010838888217788075,Medium,Excellent
,2016-07-28 16:59:24+00:00,9.77,,0.979,7.91,909.07,8.41,1.041,11.22,28,,57.7,73.7,,28,16,1019,Thursday,7,2016-07-28,False,946.38,0.010747247186685292,Medium,Excellent
,2016-07-28 17:00:25+00:00,9.77,,0.978,8.54,911.15,7.91,1.041,11.32,28,,57.5,73.8,,28,17,1020,Thursday,7,2016-07-28,False,948.6899999999999,0.010722713054930583,Medium,Excellent
,2016-07-28 17:01:22+00:00,9.87,,0.979,8.54,911.08,7.9,1.041,11.32,28,,57.5,73.9,,28,17,1021,Thursday,7,2016-07-28,False,948.71,0.01083329674671818,Medium,Excellent
,2016-07-28 17:02:21+00:00,9.77,,0.98,8.24,910.12,7.88,1.042,12.13,28,,57.5,73.9,,28,17,1022,Thursday,7,2016-07-28,False,948.14,0.010734848151892058,Medium,Excellent
,2016-07-28 17:03:22+00:00,9.77,,0.987,8.24,911.29,7.98,1.042,12.04,28,,57.9,74.0,,28,17,1023,Thursday,7,2016-07-28,False,949.3199999999999,0.010721065741970175,Medium,Excellent
,2016-07-28 17:04:22+00:00,9.67,,0.981,8.94,913.08,7.98,1.042,11.83,28,,57.7,74.2,,28,17,1024,Thursday,7,2016-07-28,False,951.5000000000001,0.010590528759801989,Medium,Excellent
,2016-07-28 17:05:23+00:00,9.87,,0.984,8.97,910.83,7.92,1.042,11.82,28,,58.0,74.3,,28,17,1025,Thursday,7,2016-07-28,False,949.4100000000001,0.010836270215078554,Medium,Excellent
,2016-07-28 17:06:21+00:00,10.27,,0.985,9.11,910.42,7.91,1.043,11.42,28,,57.6,74.5,,28,17,1026,Thursday,7,2016-07-28,False,949.1299999999999,0.011280507897453922,Medium,Excellent
,2016-07-28 17:07:22+00:00,10.27,,0.984,9.11,911.26,7.95,1.043,11.72,28,,57.8,74.7,,28,17,1027,Thursday,7,2016-07-28,False,950.3100000000001,0.011270109518688409,Medium,Excellent
,2016-07-28 17:08:21+00:00,10.77,,0.989,9.84,911.95,8.01,1.044,11.52,28,,57.8,74.9,,28,17,1028,Thursday,7,2016-07-28,False,952.09,0.011809857996600689,Medium,Excellent
,2016-07-28 17:09:24+00:00,10.77,,0.983,9.84,910.54,7.96,1.044,11.62,28,,57.5,75.0,,28,17,1029,Thursday,7,2016-07-28,False,950.73,0.011828145935379005,Medium,Excellent
,2016-07-28 17:10:23+00:00,10.77,,0.989,8.94,910.95,7.98,1.043,11.62,28,,56.9,75.2,,28,17,1030,Thursday,7,2016-07-28,False,950.2600000000001,0.011822822328338546,Medium,Excellent
,2016-07-28 17:11:24+00:00,11.27,,0.99,8.91,909.11,7.95,1.044,11.62,28,,56.6,75.4,,28,17,1031,Thursday,7,2016-07-28,False,948.86,0.012396739668466961,Medium,Excellent
,2016-07-28 17:12:21+00:00,11.57,,0.987,8.64,905.45,7.98,1.044,11.63,28,,56.6,75.4,,28,17,1032,Thursday,7,2016-07-28,False,945.2700000000001,0.012778176597272074,Medium,Excellent
,2016-07-28 17:13:21+00:00,11.57,,0.985,8.54,909.82,7.99,1.044,11.82,28,,56.6,75.5,,28,17,1033,Thursday,7,2016-07-28,False,949.7400000000001,0.01271680112549735,Medium,Excellent
,2016-07-28 17:14:23+00:00,12.47,,0.988,7.94,908.99,8.44,1.045,11.82,28,,56.5,75.4,,28,17,1034,Thursday,7,2016-07-28,False,949.6600000000001,0.01371852275602592,Medium,Excellent
,2016-07-28 17:15:23+00:00,12.47,,0.988,8.04,910.56,8.49,1.044,11.42,28,,56.3,75.5,,28,17,1035,Thursday,7,2016-07-28,False,950.9799999999999,0.01369486909154806,Medium,Excellent
,2016-07-28 17:16:23+00:00,12.17,,0.989,8.54,909.16,8.44,1.044,11.12,28,,56.7,75.6,,28,17,1036,Thursday,7,2016-07-28,False,949.4300000000001,0.013385982665317436,Medium,Excellent
,2016-07-28 17:17:20+00:00,12.27,,0.991,8.51,909.47,8.43,1.044,11.12,28,,56.1,75.6,,28,17,1037,Thursday,7,2016-07-28,False,949.8,0.01349137409700155,Medium,Excellent
,2016-07-28 17:18:22+00:00,12.47,,0.991,8.54,906.95,8.46,1.045,11.42,28,,56.0,75.6,,28,17,1038,Thursday,7,2016-07-28,False,947.84,0.013749379789404046,Medium,Excellent
,2016-07-28 17:19:24+00:00,12.27,,0.989,8.61,908.03,8.46,1.045,11.42,28,,55.6,75.6,,28,17,1039,Thursday,7,2016-07-28,False,948.79,0.013512769401892008,Medium,Excellent
,2016-07-28 17:20:22+00:00,11.97,,0.986,9.41,908.41,8.46,1.045,11.23,28,,55.5,75.6,,28,17,1040,Thursday,7,2016-07-28,False,949.48,0.013176869475236953,Medium,Excellent
,2016-07-28 17:21:21+00:00,11.97,,0.983,9.54,902.86,8.43,1.045,11.12,28,,55.5,75.7,,28,17,1041,Thursday,7,2016-07-28,False,943.92,0.013257869437122035,Medium,Excellent
,2016-07-28 17:22:23+00:00,11.87,,0.983,9.51,900.95,8.44,1.046,11.52,28,,54.8,75.7,,28,17,1042,Thursday,7,2016-07-28,False,942.2900000000001,0.013174981963482988,Medium,Excellent
,2016-07-28 17:23:21+00:00,11.87,,0.983,9.41,900.15,8.43,1.046,11.52,28,,54.5,75.8,,28,17,1043,Thursday,7,2016-07-28,False,941.3799999999999,0.013186691107037716,Medium,Excellent
,2016-07-28 17:24:22+00:00,11.97,,0.978,8.42,897.28,7.9,1.045,11.82,28,,54.3,75.9,,28,17,1044,Thursday,7,2016-07-28,False,937.39,0.013340317403708989,Medium,Excellent
,2016-07-28 17:25:24+00:00,11.97,,0.979,8.59,899.62,7.96,1.045,11.82,28,,54.4,76.1,,28,17,1045,Thursday,7,2016-07-28,False,939.9600000000002,0.01330561792756942,Medium,Excellent
,2016-07-28 17:26:23+00:00,11.77,,0.984,8.31,900.17,7.93,1.044,11.62,28,,54.3,76.2,,28,17,1046,Thursday,7,2016-07-28,False,939.8,0.013075307997378273,Medium,Excellent
,2016-07-28 17:27:22+00:00,11.77,,0.984,8.44,900.57,7.9,1.044,11.62,28,,54.0,76.3,,28,17,1047,Thursday,7,2016-07-28,False,940.3000000000001,0.013069500427507022,Medium,Excellent
,2016-07-28 17:28:22+00:00,11.17,,0.984,9.11,896.21,7.94,1.044,11.22,28,,54.5,76.3,,28,17,1048,Thursday,7,2016-07-28,False,935.6500000000001,0.012463596701665903,Medium,Excellent
,2016-07-28 17:29:23+00:00,10.87,,0.987,9.21,898.12,7.91,1.044,11.22,28,,54.5,76.4,,28,17,1049,Thursday,7,2016-07-28,False,937.33,0.012103059724758383,Medium,Excellent
,2016-07-28 17:30:23+00:00,10.67,,0.985,9.02,898.83,7.93,1.043,11.02,28,,54.6,76.4,,28,17,1050,Thursday,7,2016-07-28,False,937.4699999999999,0.011870987839747226,Medium,Excellent
,2016-07-28 17:31:22+00:00,10.47,,0.992,9.04,899.25,7.96,1.043,11.02,28,,54.5,76.6,,28,17,1051,Thursday,7,2016-07-28,False,937.74,0.01164303586321935,Medium,Excellent
,2016-07-28 17:32:22+00:00,10.37,,0.988,9.84,898.39,7.96,1.044,11.52,28,,53.7,76.7,,28,17,1052,Thursday,7,2016-07-28,False,938.08,0.011542871136143546,Medium,Excellent
,2016-07-28 17:33:21+00:00,10.37,,0.989,9.74,896.89,7.96,1.043,10.92,28,,53.8,76.9,,28,17,1053,Thursday,7,2016-07-28,False,935.88,0.011562175963607577,Medium,Excellent
,2016-07-28 17:34:23+00:00,10.57,,0.993,10.01,894.11,7.89,1.045,11.32,28,,53.6,77.0,,28,17,1054,Thursday,7,2016-07-28,False,933.9000000000001,0.01182181163391529,Medium,Excellent
,2016-07-28 17:35:23+00:00,10.47,,0.992,9.91,896.54,7.93,1.044,11.32,28,,53.2,77.0,,28,17,1055,Thursday,7,2016-07-28,False,936.17,0.01167822963838758,Medium,Excellent
,2016-07-28 17:36:23+00:00,10.47,,0.991,8.54,897.81,7.96,1.043,11.42,28,,53.7,77.2,,28,17,1056,Thursday,7,2016-07-28,False,936.1999999999999,0.011661710161392724,Medium,Excellent
,2016-07-28 17:37:22+00:00,10.47,,0.989,8.54,899.97,7.96,1.042,11.22,28,,53.6,77.1,,28,17,1057,Thursday,7,2016-07-28,False,938.1600000000001,0.011633721124037467,Medium,Excellent
,2016-07-28 17:38:21+00:00,10.57,,0.988,8.44,900.41,7.91,1.042,10.92,28,,53.3,77.2,,28,17,1058,Thursday,7,2016-07-28,False,938.2499999999999,0.011739096633755735,Medium,Excellent
,2016-07-28 17:39:23+00:00,10.57,,0.992,8.41,900.17,7.93,1.043,11.52,28,,53.3,77.2,,28,17,1059,Thursday,7,2016-07-28,False,938.5999999999999,0.01174222646833376,Medium,Excellent
,2016-07-28 17:40:23+00:00,11.27,,0.989,8.01,897.97,7.93,1.044,12.02,28,,53.3,77.4,,28,17,1060,Thursday,7,2016-07-28,False,937.1999999999999,0.012550530641335456,Medium,Excellent
,2016-07-28 17:41:22+00:00,11.27,,0.99,8.04,897.55,7.98,1.044,12.02,28,,53.1,77.6,,28,17,1061,Thursday,7,2016-07-28,False,936.8599999999999,0.012556403542978108,Medium,Excellent
,2016-07-28 17:42:22+00:00,11.97,,0.987,8.04,896.11,7.99,1.044,11.42,28,,53.3,77.7,,28,17,1062,Thursday,7,2016-07-28,False,935.53,0.013357735099485554,Medium,Excellent
,2016-07-28 17:43:20+00:00,11.97,,0.986,7.92,899.04,7.98,1.044,11.42,28,,53.1,77.7,,28,17,1063,Thursday,7,2016-07-28,False,938.3299999999999,0.013314201815269622,Medium,Excellent
,2016-07-28 17:44:22+00:00,12.37,,0.982,8.54,898.34,7.98,1.045,11.54,28,,52.5,77.9,,28,17,1064,Thursday,7,2016-07-28,False,938.77,0.013769842153304984,Medium,Excellent
,2016-07-28 17:45:23+00:00,12.17,,0.98,8.52,896.13,6.71,1.043,11.52,28,,52.6,78.0,,28,17,1065,Thursday,7,2016-07-28,False,935.05,0.013580618883420933,Medium,Excellent
,2016-07-28 17:46:22+00:00,12.47,,0.981,9.41,898.44,6.71,1.044,11.02,28,,52.7,78.0,,28,17,1066,Thursday,7,2016-07-28,False,938.0500000000001,0.013879613552379681,Medium,Excellent
,2016-07-28 17:47:21+00:00,12.57,,0.98,9.52,897.2,6.73,1.044,11.02,28,,52.4,78.1,,28,17,1067,Thursday,7,2016-07-28,False,937.0400000000001,0.01401025412394115,Medium,Excellent
,2016-07-28 17:48:23+00:00,13.07,,0.98,8.72,899.35,6.68,1.044,11.33,28,,52.2,78.2,,28,17,1068,Thursday,7,2016-07-28,False,939.15,0.014532718074164674,Medium,Excellent
,2016-07-28 17:49:24+00:00,13.07,,0.986,8.72,902.05,7.19,1.045,11.22,28,,52.3,78.3,,28,17,1069,Thursday,7,2016-07-28,False,942.25,0.014489219001164016,Medium,Excellent
,2016-07-28 17:50:23+00:00,13.57,,0.99,9.82,899.73,7.22,1.047,11.52,28,,52.5,78.4,,28,17,1070,Thursday,7,2016-07-28,False,941.86,0.015082302468518334,Medium,Excellent
,2016-07-28 17:51:23+00:00,13.57,,0.988,9.72,896.89,7.18,1.047,11.53,28,,52.1,78.4,,28,17,1071,Thursday,7,2016-07-28,False,938.8899999999999,0.01513006054254145,Medium,Excellent
,2016-07-28 17:52:22+00:00,13.57,,0.99,9.62,896.19,7.2,1.047,11.53,28,,52.2,78.4,,28,17,1072,Thursday,7,2016-07-28,False,938.1100000000001,0.015141878396322209,Medium,Excellent
,2016-07-28 17:53:21+00:00,13.57,,0.992,9.62,893.21,7.21,1.047,11.52,28,,52.2,78.5,,28,17,1073,Thursday,7,2016-07-28,False,935.1300000000001,0.015192395965114586,Medium,Excellent
,2016-07-28 17:54:23+00:00,13.97,,0.989,9.92,893.16,7.2,1.048,11.82,28,,52.1,78.6,,28,17,1074,Thursday,7,2016-07-28,False,936.07,0.015641094540731783,Medium,Excellent
,2016-07-28 17:55:24+00:00,13.87,,0.992,9.92,890.68,7.18,1.048,11.82,28,,51.4,78.7,,28,17,1075,Thursday,7,2016-07-28,False,933.4699999999999,0.015572371671082769,Medium,Excellent
,2016-07-28 17:56:22+00:00,14.07,,0.987,9.52,895.27,7.2,1.047,10.92,28,,51.6,78.7,,28,17,1076,Thursday,7,2016-07-28,False,936.98,0.015715929272733367,Medium,Excellent
,2016-07-28 17:57:21+00:00,14.17,,0.989,9.42,893.7,7.2,1.047,10.92,28,,50.8,78.7,,28,17,1077,Thursday,7,2016-07-28,False,935.4100000000001,0.01585543247174667,Medium,Excellent
,2016-07-28 17:58:22+00:00,14.67,,0.992,10.02,893.82,7.2,1.049,11.82,28,,51.3,78.6,,28,17,1078,Thursday,7,2016-07-28,False,937.5300000000001,0.016412700543733637,Medium,Excellent
,2016-07-28 17:59:24+00:00,14.67,,0.993,10.02,890.58,7.18,1.049,11.82,28,,51.3,78.6,,28,17,1079,Thursday,7,2016-07-28,False,934.27,0.016472411237620426,Medium,Excellent
,2016-07-28 18:00:23+00:00,14.77,,0.994,9.79,886.84,7.2,1.049,11.53,28,,51.3,78.6,,28,18,1080,Thursday,7,2016-07-28,False,930.13,0.01665463894276307,Low,Excellent
,2016-07-28 18:01:27+00:00,14.57,,0.995,9.89,890.86,7.2,1.048,11.52,28,,51.3,78.7,,28,18,1081,Thursday,7,2016-07-28,False,934.0400000000001,0.016354982825584268,Medium,Excellent
,2016-07-28 18:02:22+00:00,14.27,,0.995,9.69,892.14,7.15,1.048,11.72,28,,50.9,78.7,,28,18,1082,Thursday,7,2016-07-28,False,934.97,0.015995247382697784,Medium,Excellent
,2016-07-28 18:03:22+00:00,14.37,,0.995,9.72,892.46,7.21,1.048,11.72,28,,50.7,78.6,,28,18,1083,Thursday,7,2016-07-28,False,935.4800000000001,0.016101561974766376,Medium,Excellent
,2016-07-28 18:04:22+00:00,14.17,,0.994,10.12,890.51,7.16,1.048,11.33,28,,50.6,78.4,,28,18,1084,Thursday,7,2016-07-28,False,933.29,0.01591223007040909,Medium,Excellent
,2016-07-28 18:05:23+00:00,14.17,,0.997,10.19,892.73,7.23,1.048,11.32,28,,50.2,78.2,,28,18,1085,Thursday,7,2016-07-28,False,935.6400000000001,0.015872660266821995,Medium,Excellent
,2016-07-28 18:06:23+00:00,13.77,,0.996,9.62,891.48,7.16,1.047,11.13,28,,50.1,78.0,,28,18,1086,Thursday,7,2016-07-28,False,933.16,0.015446224256292905,Medium,Excellent
,2016-07-28 18:07:23+00:00,13.77,,0.994,9.59,893.19,6.65,1.046,11.12,28,,50.4,77.9,,28,18,1087,Thursday,7,2016-07-28,False,934.32,0.01541665267188392,Medium,Excellent
,2016-07-28 18:08:21+00:00,13.17,,0.991,9.62,893.2,6.68,1.046,12.02,28,,50.6,77.9,,28,18,1088,Thursday,7,2016-07-28,False,934.6899999999999,0.014744738020600088,Medium,Excellent
,2016-07-28 18:09:24+00:00,13.17,,0.991,9.62,893.56,6.67,1.046,12.02,28,,51.0,78.0,,28,18,1089,Thursday,7,2016-07-28,False,935.0399999999998,0.014738797618514706,Medium,Excellent
,2016-07-28 18:10:24+00:00,12.17,,0.988,10.32,892.13,6.62,1.045,10.82,28,,51.3,78.1,,28,18,1090,Thursday,7,2016-07-28,False,932.0600000000001,0.013641509645455258,Low,Excellent
,2016-07-28 18:11:22+00:00,12.17,,0.986,10.42,892.09,6.63,1.045,10.82,28,,50.8,78.3,,28,18,1091,Thursday,7,2016-07-28,False,932.1300000000001,0.013642121310630093,Low,Excellent
,2016-07-28 18:12:22+00:00,11.57,,0.983,9.72,892.02,6.66,1.044,11.02,28,,50.6,78.5,,28,18,1092,Thursday,7,2016-07-28,False,930.9899999999999,0.012970561198179414,Low,Excellent
,2016-07-28 18:13:21+00:00,11.57,,0.98,9.72,893.63,6.66,1.044,11.33,28,,50.5,78.6,,28,18,1093,Thursday,7,2016-07-28,False,932.91,0.012947192909817263,Medium,Excellent
,2016-07-28 18:14:24+00:00,11.47,,0.986,8.69,892.3,6.6,1.043,11.32,28,,50.6,78.7,,28,18,1094,Thursday,7,2016-07-28,False,930.38,0.012854421158803095,Low,Excellent
,2016-07-28 18:15:22+00:00,11.37,,0.986,8.59,890.95,6.63,1.043,11.32,28,,50.3,78.9,,28,18,1095,Thursday,7,2016-07-28,False,928.8600000000001,0.012761658903417699,Low,Excellent
,2016-07-28 18:16:22+00:00,11.27,,0.987,8.89,890.73,6.66,1.043,11.32,28,,49.7,79.0,,28,18,1096,Thursday,7,2016-07-28,False,928.87,0.01265254341944248,Low,Excellent
,2016-07-28 18:17:21+00:00,11.27,,0.986,8.99,893.53,6.61,1.043,11.52,28,,50.1,79.1,,28,18,1097,Thursday,7,2016-07-28,False,931.92,0.01261289492238649,Low,Excellent
,2016-07-28 18:18:22+00:00,12.27,,0.987,9.22,891.79,6.66,1.045,11.62,28,,49.4,79.2,,28,18,1098,Thursday,7,2016-07-28,False,931.56,0.013758844571031296,Low,Excellent
,2016-07-28 18:19:24+00:00,12.27,,0.99,9.19,892.22,6.63,1.045,11.72,28,,49.4,79.1,,28,18,1099,Thursday,7,2016-07-28,False,932.0300000000001,0.01375221357961041,Low,Excellent
,2016-07-28 18:20:24+00:00,12.27,,0.994,8.62,893.01,6.63,1.044,11.52,28,,49.3,79.1,,28,18,1100,Thursday,7,2016-07-28,False,932.05,0.013740047703833103,Low,Excellent
,2016-07-28 18:21:23+00:00,12.37,,0.994,8.52,883.0,6.63,1.044,11.52,28,,49.4,79.0,,28,18,1101,Thursday,7,2016-07-28,False,922.04,0.014009060022650056,Low,Excellent
,2016-07-28 18:22:21+00:00,12.97,,0.993,9.12,883.01,6.66,1.045,11.42,28,,49.2,79.1,,28,18,1102,Thursday,7,2016-07-28,False,923.18,0.014688395374910818,Low,Excellent
,2016-07-28 18:23:21+00:00,12.97,,0.994,9.22,880.54,6.66,1.046,11.42,28,,49.0,79.2,,28,18,1103,Thursday,7,2016-07-28,False,920.81,0.014729597746837169,Low,Excellent
,2016-07-28 18:24:23+00:00,13.17,,0.997,9.22,882.45,6.63,1.046,11.52,28,,48.8,79.2,,28,18,1104,Thursday,7,2016-07-28,False,922.99,0.014924358320584735,Low,Excellent
,2016-07-28 18:25:21+00:00,13.17,,0.995,9.19,881.04,6.66,1.046,11.52,28,,48.7,79.1,,28,18,1105,Thursday,7,2016-07-28,False,921.5799999999999,0.014948242985562517,Low,Excellent
,2016-07-28 18:26:21+00:00,13.87,,0.994,8.82,880.07,6.66,1.046,11.02,28,,48.5,79.1,,28,18,1106,Thursday,7,2016-07-28,False,920.4399999999999,0.015760109991250694,Low,Excellent
,2016-07-28 18:27:23+00:00,14.17,,0.994,8.92,881.72,6.61,1.046,11.02,28,,48.0,79.1,,28,18,1107,Thursday,7,2016-07-28,False,922.44,0.016070861497981218,Low,Excellent
,2016-07-28 18:28:22+00:00,14.57,,0.996,9.29,880.77,6.61,1.048,11.72,28,,47.4,79.2,,28,18,1108,Thursday,7,2016-07-28,False,922.96,0.016542343631140936,Low,Excellent
,2016-07-28 18:29:24+00:00,14.57,,0.993,9.32,883.78,6.66,1.048,11.73,28,,47.5,79.2,,28,18,1109,Thursday,7,2016-07-28,False,926.06,0.016486003303989683,Low,Excellent
,2016-07-28 18:30:24+00:00,14.57,,0.998,10.02,882.33,6.65,1.048,11.12,28,,47.7,79.2,,28,18,1110,Thursday,7,2016-07-28,False,924.69,0.01651309600716285,Low,Excellent
,2016-07-28 18:31:22+00:00,14.57,,0.999,9.89,883.36,6.61,1.049,11.82,28,,48.5,79.1,,28,18,1111,Thursday,7,2016-07-28,False,926.2500000000001,0.016493841695345048,Low,Excellent
,2016-07-28 18:32:22+00:00,14.77,,0.996,9.32,878.65,6.66,1.048,11.62,28,,48.6,78.9,,28,18,1112,Thursday,7,2016-07-28,False,921.02,0.016809878791327604,Low,Excellent
,2016-07-28 18:33:20+00:00,14.77,,0.993,9.19,877.21,6.61,1.048,11.62,28,,47.7,79.0,,28,18,1113,Thursday,7,2016-07-28,False,919.4000000000001,0.01683747335301695,Low,Excellent
,2016-07-28 18:34:23+00:00,14.57,,0.985,8.52,882.54,6.61,1.046,10.83,28,,47.8,78.9,,28,18,1114,Thursday,7,2016-07-28,False,923.07,0.016509166723321325,Low,Excellent
,2016-07-28 18:35:24+00:00,14.27,,0.986,8.52,881.47,6.61,1.046,10.82,28,,48.7,78.9,,28,18,1115,Thursday,7,2016-07-28,False,921.69,0.016188866325569786,Low,Excellent
,2016-07-28 18:36:20+00:00,14.07,,0.986,9.32,881.6,6.61,1.047,11.42,28,,48.9,78.9,,28,18,1116,Thursday,7,2016-07-28,False,923.02,0.01595961887477314,Low,Excellent
,2016-07-28 18:37:21+00:00,14.07,,0.984,9.29,881.14,6.58,1.047,11.42,28,,49.4,79.0,,28,18,1117,Thursday,7,2016-07-28,False,922.5,0.015967950609437773,Low,Excellent
,2016-07-28 18:38:21+00:00,13.87,,0.987,9.29,880.07,6.6,1.047,11.62,28,,48.7,79.0,,28,18,1118,Thursday,7,2016-07-28,False,921.45,0.015760109991250694,Low,Excellent
,2016-07-28 18:39:22+00:00,13.87,,0.994,9.19,880.96,6.61,1.047,11.62,28,,48.7,78.9,,28,18,1119,Thursday,7,2016-07-28,False,922.25,0.015744188158372682,Low,Excellent
,2016-07-28 18:40:25+00:00,13.57,,0.993,9.19,880.28,6.59,1.046,11.32,28,,48.6,78.8,,28,18,1120,Thursday,7,2016-07-28,False,920.95,0.01541554959785523,Low,Excellent
,2016-07-28 18:41:24+00:00,13.57,,0.994,9.09,881.65,6.61,1.046,11.32,28,,48.6,78.8,,28,18,1121,Thursday,7,2016-07-28,False,922.24,0.01539159530425906,Low,Excellent
,2016-07-28 18:42:21+00:00,13.37,,0.991,9.36,882.46,6.56,1.046,11.52,28,,49.5,78.9,,28,18,1122,Thursday,7,2016-07-28,False,923.27,0.015150828366158237,Low,Excellent
,2016-07-28 18:43:21+00:00,13.37,,0.995,9.39,880.49,6.61,1.046,11.52,28,,49.5,79.1,,28,18,1123,Thursday,7,2016-07-28,False,921.38,0.015184726686276958,Low,Excellent
,2016-07-28 18:44:22+00:00,13.97,,0.995,9.09,879.46,6.59,1.046,11.22,28,,49.1,79.2,,28,18,1124,Thursday,7,2016-07-28,False,920.33,0.01588474745866782,Low,Excellent
,2016-07-28 18:45:24+00:00,13.87,,0.998,8.99,880.31,6.64,1.046,11.22,28,,48.9,79.2,,28,18,1125,Thursday,7,2016-07-28,False,921.03,0.015755813293044495,Low,Excellent
,2016-07-28 18:46:22+00:00,13.87,,0.995,8.19,881.88,6.58,1.046,11.52,28,,48.6,79.3,,28,18,1126,Thursday,7,2016-07-28,False,922.04,0.01572776341452352,Low,Excellent
,2016-07-28 18:47:22+00:00,13.87,,0.996,8.29,880.86,6.61,1.046,11.82,28,,48.9,79.3,,28,18,1127,Thursday,7,2016-07-28,False,921.45,0.015745975523919806,Low,Excellent
,2016-07-28 18:48:21+00:00,14.87,,0.997,8.09,881.2,6.61,1.047,11.42,28,,48.9,79.2,,28,18,1128,Thursday,7,2016-07-28,False,922.19,0.016874716295960053,Low,Excellent
,2016-07-28 18:49:24+00:00,14.87,,1.002,8.06,880.46,6.61,1.047,11.62,28,,49.4,79.1,,28,18,1129,Thursday,7,2016-07-28,False,921.62,0.016888898984621672,Low,Excellent
,2016-07-28 18:50:23+00:00,15.77,,1.001,8.82,878.19,6.59,1.049,11.62,28,,48.6,79.0,,28,18,1130,Thursday,7,2016-07-28,False,920.9900000000001,0.017957389630945467,Low,Excellent
,2016-07-28 18:51:21+00:00,16.07,,1.002,8.92,881.05,6.61,1.049,11.62,28,,48.6,79.1,,28,18,1131,Thursday,7,2016-07-28,False,924.27,0.018239600476703935,Low,Excellent
,2016-07-28 18:52:23+00:00,17.07,,1.004,9.59,881.5,6.61,1.051,11.52,28,,48.9,79.0,,28,18,1132,Thursday,7,2016-07-28,False,926.29,0.019364719228587634,Low,Excellent
,2016-07-28 18:53:20+00:00,17.17,,1.003,9.62,880.32,6.58,1.052,12.12,28,,48.3,79.1,,28,18,1133,Thursday,7,2016-07-28,False,925.8100000000001,0.019504271174118504,Low,Excellent
,2016-07-28 18:54:24+00:00,18.57,,1.003,9.16,880.17,6.56,1.052,11.62,28,,48.3,79.0,,28,18,1134,Thursday,7,2016-07-28,False,926.0799999999999,0.02109819693922765,Low,Excellent
,2016-07-28 18:55:23+00:00,18.57,,1.001,9.06,880.34,6.58,1.052,11.52,28,,48.6,78.9,,28,18,1135,Thursday,7,2016-07-28,False,926.07,0.021094122725310676,Low,Excellent
,2016-07-28 18:56:23+00:00,18.87,,1.0,8.56,880.66,6.64,1.051,10.92,28,,48.3,78.8,,28,18,1136,Thursday,7,2016-07-28,False,925.6499999999999,0.021427111484568395,Low,Excellent
,2016-07-28 18:57:22+00:00,18.87,,1.0,8.49,880.63,6.6,1.051,10.92,28,,48.6,78.8,,28,18,1137,Thursday,7,2016-07-28,False,925.51,0.021427841431702305,Low,Excellent
,2016-07-28 18:58:21+00:00,18.97,,1.001,9.29,880.17,6.58,1.053,11.42,28,,48.4,79.0,,28,18,1138,Thursday,7,2016-07-28,False,926.43,0.021552654600815752,Low,Excellent
,2016-07-28 18:59:24+00:00,18.77,,1.001,9.29,881.18,6.59,1.052,11.42,28,,48.7,79.0,,28,18,1139,Thursday,7,2016-07-28,False,927.2499999999999,0.02130098277309971,Low,Excellent
,2016-07-28 19:00:25+00:00,18.57,,1.003,9.49,881.26,6.61,1.053,11.82,28,,48.3,79.0,,28,19,1140,Thursday,7,2016-07-28,False,927.75,0.021072101309488687,Low,Excellent
,2016-07-28 19:01:22+00:00,18.57,,0.998,9.49,879.48,6.61,1.053,11.82,28,,48.2,78.9,,28,19,1141,Thursday,7,2016-07-28,False,925.97,0.021114749624778276,Low,Excellent
,2016-07-28 19:02:23+00:00,18.17,,0.996,10.39,880.62,6.59,1.053,11.32,28,,48.3,78.9,,28,19,1142,Thursday,7,2016-07-28,False,927.0900000000001,0.020633190252322228,Low,Excellent
,2016-07-28 19:03:20+00:00,18.07,,1.0,9.79,878.42,6.61,1.052,11.62,28,,47.9,78.9,,28,19,1143,Thursday,7,2016-07-28,False,924.51,0.02057102524988047,Low,Excellent
,2016-07-28 19:04:22+00:00,17.27,,0.999,9.76,879.31,6.56,1.051,11.62,28,,47.6,78.8,,28,19,1144,Thursday,7,2016-07-28,False,924.5199999999999,0.019640399858980338,Low,Excellent
,2016-07-28 19:05:23+00:00,16.97,,0.999,9.56,876.98,6.56,1.05,10.92,28,,48.2,78.6,,28,19,1145,Thursday,7,2016-07-28,False,920.9899999999999,0.01935049830098748,Low,Excellent
,2016-07-28 19:06:23+00:00,16.87,,1.002,9.09,877.88,6.59,1.05,11.32,28,,47.9,78.6,,28,19,1146,Thursday,7,2016-07-28,False,921.7500000000001,0.019216749441837155,Low,Excellent
,2016-07-28 19:07:22+00:00,16.87,,1.0,8.99,877.45,7.04,1.05,11.02,28,,48.1,78.6,,28,19,1147,Thursday,7,2016-07-28,False,921.37,0.019226166733147188,Low,Excellent
,2016-07-28 19:08:22+00:00,15.57,,1.001,9.59,879.33,7.11,1.05,11.32,28,,48.6,78.7,,28,19,1148,Thursday,7,2016-07-28,False,922.9200000000001,0.017706663027532325,Low,Excellent
,2016-07-28 19:09:23+00:00,15.17,,1.002,9.36,878.94,7.09,1.049,11.33,28,,48.6,78.7,,28,19,1149,Thursday,7,2016-07-28,False,921.8900000000001,0.017259426126925614,Low,Excellent
,2016-07-28 19:10:23+00:00,15.17,,1.0,9.46,880.86,7.06,1.049,11.33,28,,48.4,78.6,,28,19,1150,Thursday,7,2016-07-28,False,923.88,0.01722180596235497,Low,Excellent
,2016-07-28 19:11:21+00:00,14.87,,0.999,9.36,878.12,7.08,1.049,11.32,28,,48.4,78.6,,28,19,1151,Thursday,7,2016-07-28,False,920.7500000000001,0.016933904249988613,Low,Excellent
,2016-07-28 19:12:23+00:00,14.17,,1.0,9.39,877.64,7.06,1.047,11.02,28,,47.9,78.6,,28,19,1152,Thursday,7,2016-07-28,False,919.28,0.016145572216398524,Low,Excellent
,2016-07-28 19:13:22+00:00,13.97,,0.997,9.36,877.96,7.06,1.047,11.02,28,,48.1,78.6,,28,19,1153,Thursday,7,2016-07-28,False,919.37,0.015911886646316462,Low,Excellent
,2016-07-28 19:14:25+00:00,13.57,,0.998,9.59,875.41,7.11,1.048,11.82,28,,49.1,78.5,,28,19,1154,Thursday,7,2016-07-28,False,917.5,0.015501307958556563,Low,Excellent
,2016-07-28 19:15:22+00:00,13.37,,1.001,9.56,878.48,7.11,1.048,11.82,28,,49.6,78.5,,28,19,1155,Thursday,7,2016-07-28,False,920.34,0.015219469993625351,Low,Excellent
,2016-07-28 19:16:22+00:00,12.67,,1.0,9.09,878.3,7.09,1.045,10.82,28,,48.9,78.4,,28,19,1156,Thursday,7,2016-07-28,False,917.97,0.014425594899237164,Low,Excellent
,2016-07-28 19:17:21+00:00,12.67,,1.002,9.09,877.59,7.11,1.045,10.92,28,,49.1,78.4,,28,19,1157,Thursday,7,2016-07-28,False,917.38,0.0144372656935471,Low,Excellent
,2016-07-28 19:18:22+00:00,12.57,,1.001,9.26,876.06,7.08,1.046,11.02,28,,49.1,78.6,,28,19,1158,Thursday,7,2016-07-28,False,915.99,0.014348332306006439,Low,Excellent
,2016-07-28 19:19:24+00:00,12.57,,1.003,9.39,874.93,7.09,1.046,11.62,28,,49.3,78.6,,28,19,1159,Thursday,7,2016-07-28,False,915.6,0.014366863634805072,Low,Excellent
,2016-07-28 19:20:23+00:00,12.57,,1.002,9.86,877.89,7.08,1.047,12.02,28,,48.9,78.6,,28,19,1160,Thursday,7,2016-07-28,False,919.42,0.014318422581416806,Low,Excellent
,2016-07-28 19:21:23+00:00,12.57,,1.0,9.86,876.76,7.06,1.047,12.02,28,,48.6,78.6,,28,19,1161,Thursday,7,2016-07-28,False,918.2699999999999,0.014336876682330399,Low,Excellent
,2016-07-28 19:22:22+00:00,12.87,,1.0,9.19,876.4,7.11,1.046,11.52,28,,48.6,78.5,,28,19,1162,Thursday,7,2016-07-28,False,917.0899999999999,0.014685075308078503,Low,Excellent
,2016-07-28 19:23:21+00:00,12.97,,1.001,9.11,876.08,7.11,1.046,11.32,28,,48.6,78.6,,28,19,1163,Thursday,7,2016-07-28,False,916.5900000000001,0.014804584056250571,Low,Excellent
,2016-07-28 19:24:23+00:00,13.47,,1.0,8.34,885.09,7.11,1.045,10.82,28,,48.3,78.5,,28,19,1164,Thursday,7,2016-07-28,False,924.8300000000002,0.015218791309358371,Low,Excellent
,2016-07-28 19:25:23+00:00,14.57,,0.994,8.71,884.08,7.08,1.047,10.82,28,,48.9,78.5,,28,19,1165,Thursday,7,2016-07-28,False,925.2600000000001,0.016480409012759024,Low,Excellent
,2016-07-28 19:26:23+00:00,14.57,,0.996,9.41,884.42,7.03,1.048,11.82,28,,49.1,78.6,,28,19,1166,Thursday,7,2016-07-28,False,927.25,0.016474073404038805,Low,Excellent
,2016-07-28 19:27:21+00:00,14.67,,0.999,9.34,885.79,7.11,1.049,12.02,28,,49.6,78.7,,28,19,1167,Thursday,7,2016-07-28,False,928.93,0.016561487485747185,Low,Excellent
,2016-07-28 19:28:22+00:00,14.77,,0.997,8.64,885.76,7.04,1.048,12.02,28,,49.5,78.7,,28,19,1168,Thursday,7,2016-07-28,False,928.2299999999999,0.016674945809248554,Low,Excellent
,2016-07-28 19:29:23+00:00,14.77,,0.997,8.64,881.67,7.09,1.048,12.02,28,,49.5,78.6,,28,19,1169,Thursday,7,2016-07-28,False,924.1899999999999,0.016752299613233976,Low,Excellent
,2016-07-28 19:30:24+00:00,15.47,,0.994,9.14,883.06,7.18,1.049,11.52,28,,49.9,78.6,,28,19,1170,Thursday,7,2016-07-28,False,926.3699999999999,0.017518628405770845,Low,Excellent
,2016-07-28 19:31:23+00:00,15.57,,0.996,9.14,884.21,7.14,1.049,11.53,28,,49.4,78.5,,28,19,1171,Thursday,7,2016-07-28,False,927.59,0.017608939052939913,Low,Excellent
,2016-07-28 19:32:22+00:00,15.87,,0.997,8.74,885.97,7.09,1.048,11.22,28,,49.5,78.6,,28,19,1172,Thursday,7,2016-07-28,False,928.8900000000001,0.01791257040306105,Low,Excellent
,2016-07-28 19:33:21+00:00,15.87,,0.997,8.74,885.88,7.14,1.049,11.22,28,,49.4,78.6,,28,19,1173,Thursday,7,2016-07-28,False,928.85,0.017914390210863773,Low,Excellent
,2016-07-28 19:34:22+00:00,16.17,,0.996,8.74,885.29,7.11,1.049,11.22,28,,49.3,78.7,,28,19,1174,Thursday,7,2016-07-28,False,928.53,0.01826520123349411,Low,Excellent
,2016-07-28 19:35:24+00:00,16.17,,1.002,8.74,889.86,7.11,1.049,11.32,28,,49.5,78.7,,28,19,1175,Thursday,7,2016-07-28,False,933.2,0.018171397747960356,Medium,Excellent
,2016-07-28 19:36:22+00:00,16.77,,0.999,8.71,891.03,7.04,1.049,11.52,28,,49.1,78.7,,28,19,1176,Thursday,7,2016-07-28,False,935.0699999999999,0.018820915120703007,Medium,Excellent
,2016-07-28 19:37:23+00:00,16.87,,1.0,8.84,886.23,7.06,1.05,11.52,28,,48.6,78.5,,28,19,1177,Thursday,7,2016-07-28,False,930.52,0.01903569050923575,Low,Excellent
,2016-07-28 19:38:22+00:00,17.17,,1.001,8.91,887.66,7.04,1.051,11.92,28,,48.3,78.2,,28,19,1178,Thursday,7,2016-07-28,False,932.6999999999999,0.019342991686005905,Low,Excellent
,2016-07-28 19:39:24+00:00,17.57,,1.004,9.11,887.93,7.06,1.051,11.92,28,,48.4,78.1,,28,19,1179,Thursday,7,2016-07-28,False,933.5899999999998,0.01978759586904373,Medium,Excellent
,2016-07-28 19:40:23+00:00,18.37,,1.005,9.14,887.45,7.04,1.052,11.82,28,,48.1,77.9,,28,19,1180,Thursday,7,2016-07-28,False,933.82,0.020699757732830018,Medium,Excellent
,2016-07-28 19:41:24+00:00,18.27,,1.003,9.41,887.16,7.09,1.052,11.72,28,,48.2,77.8,,28,19,1181,Thursday,7,2016-07-28,False,933.65,0.020593804950628975,Medium,Excellent
,2016-07-28 19:42:22+00:00,18.57,,1.004,9.79,885.71,7.06,1.053,11.62,28,,48.2,77.8,,28,19,1182,Thursday,7,2016-07-28,False,932.75,0.020966230481760394,Low,Excellent
,2016-07-28 19:43:23+00:00,19.07,,1.004,9.74,884.83,7.09,1.054,11.62,28,,48.4,77.8,,28,19,1183,Thursday,7,2016-07-28,False,932.3500000000001,0.021552162562300102,Low,Excellent
,2016-07-28 19:44:24+00:00,19.07,,1.004,9.04,887.48,7.14,1.053,11.72,28,,48.2,78.0,,28,19,1184,Thursday,7,2016-07-28,False,934.45,0.021487808175958894,Medium,Excellent
,2016-07-28 19:45:22+00:00,18.77,,1.001,9.01,888.17,7.06,1.052,11.72,28,,48.3,78.1,,28,19,1185,Thursday,7,2016-07-28,False,934.7299999999999,0.021133341590010922,Medium,Excellent
,2016-07-28 19:46:25+00:00,18.47,,1.001,8.94,889.16,7.09,1.051,11.22,28,,48.2,78.4,,28,19,1186,Thursday,7,2016-07-28,False,934.88,0.020772414413603852,Medium,Excellent
,2016-07-28 19:47:22+00:00,18.47,,0.997,8.91,891.06,7.06,1.051,11.22,28,,48.1,78.4,,28,19,1187,Thursday,7,2016-07-28,False,936.7199999999999,0.020728121563082173,Medium,Excellent
,2016-07-28 19:48:23+00:00,17.37,,0.996,9.51,883.56,7.09,1.051,11.32,28,,48.3,78.5,,28,19,1188,Thursday,7,2016-07-28,False,928.85,0.01965910634252343,Low,Excellent
,2016-07-28 19:49:23+00:00,16.67,,0.998,9.54,888.56,7.09,1.05,11.32,28,,48.8,78.6,,28,19,1189,Thursday,7,2016-07-28,False,933.1800000000001,0.018760691455838665,Medium,Excellent
,2016-07-28 19:50:22+00:00,16.47,,0.998,9.44,888.83,7.06,1.05,11.52,28,,48.8,78.8,,28,19,1190,Thursday,7,2016-07-28,False,933.3199999999999,0.018529977611016726,Medium,Excellent
,2016-07-28 19:51:21+00:00,15.87,,0.998,9.44,888.72,7.09,1.049,11.12,28,,48.4,78.8,,28,19,1191,Thursday,7,2016-07-28,False,932.24,0.017857142857142856,Low,Excellent
,2016-07-28 19:52:22+00:00,15.57,,0.999,9.02,887.42,7.18,1.049,11.72,28,,48.4,78.8,,28,19,1192,Thursday,7,2016-07-28,False,930.91,0.01754524351490839,Low,Excellent
,2016-07-28 19:53:22+00:00,15.07,,0.998,8.94,886.99,7.16,1.049,12.13,28,,48.3,78.8,,28,19,1193,Thursday,7,2016-07-28,False,930.29,0.016990044983596207,Low,Excellent
,2016-07-28 19:54:23+00:00,14.97,,0.994,8.94,888.99,7.16,1.048,11.82,28,,48.2,78.8,,28,19,1194,Thursday,7,2016-07-28,False,931.88,0.0168393345256977,Low,Excellent
,2016-07-28 19:55:23+00:00,14.87,,0.992,8.94,888.49,7.16,1.048,11.72,28,,48.6,78.8,,28,19,1195,Thursday,7,2016-07-28,False,931.18,0.016736260396853088,Low,Excellent
,2016-07-28 19:56:24+00:00,14.87,,0.993,9.74,893.16,7.18,1.049,11.72,28,,48.2,78.8,,28,19,1196,Thursday,7,2016-07-28,False,936.67,0.01664875274306955,Medium,Excellent
,2016-07-28 19:57:22+00:00,14.77,,0.993,9.71,894.93,7.14,1.048,11.62,28,,48.2,78.6,,28,19,1197,Thursday,7,2016-07-28,False,938.17,0.01650408411831093,Medium,Excellent
,2016-07-28 19:58:23+00:00,14.07,,0.99,9.29,896.95,7.13,1.047,11.23,28,,47.8,78.6,,28,19,1198,Thursday,7,2016-07-28,False,938.6700000000001,0.01568649311555828,Medium,Excellent
,2016-07-28 19:59:24+00:00,14.07,,0.988,9.01,899.14,7.13,1.046,11.53,28,,48.3,78.7,,28,19,1199,Thursday,7,2016-07-28,False,940.88,0.01564828614008942,Medium,Excellent
,2016-07-28 20:00:23+00:00,14.17,,0.995,8.49,897.95,7.13,1.046,11.62,28,,47.9,78.8,,28,20,1200,Thursday,7,2016-07-28,False,939.36,0.015780388663065872,Medium,Excellent
,2016-07-28 20:01:22+00:00,13.87,,0.994,8.52,896.28,7.21,1.046,11.62,28,,48.1,79.1,,28,20,1201,Thursday,7,2016-07-28,False,937.5,0.015475074753425268,Medium,Excellent
,2016-07-28 20:02:22+00:00,13.87,,0.996,8.32,898.67,7.14,1.045,11.52,28,,47.6,79.2,,28,20,1202,Thursday,7,2016-07-28,False,939.5199999999999,0.01543391901365351,Medium,Excellent
,2016-07-28 20:03:21+00:00,13.67,,0.995,8.34,895.2,7.16,1.045,11.52,28,,47.6,79.3,,28,20,1203,Thursday,7,2016-07-28,False,935.89,0.015270330652368186,Medium,Excellent
,2016-07-28 20:04:21+00:00,13.67,,0.995,8.31,893.99,7.18,1.045,11.32,28,,47.8,79.3,,28,20,1204,Thursday,7,2016-07-28,False,934.47,0.015290998780746988,Medium,Excellent
,2016-07-28 20:05:23+00:00,13.57,,0.995,8.39,897.28,7.11,1.045,11.72,28,,48.3,79.2,,28,20,1205,Thursday,7,2016-07-28,False,938.07,0.015123484308131242,Medium,Excellent
,2016-07-28 20:06:25+00:00,13.57,,0.994,8.74,895.0,7.21,1.046,11.72,28,,48.0,79.1,,28,20,1206,Thursday,7,2016-07-28,False,936.24,0.015162011173184357,Medium,Excellent
,2016-07-28 20:07:22+00:00,13.37,,0.998,8.74,903.59,7.21,1.045,11.02,28,,48.2,78.9,,28,20,1207,Thursday,7,2016-07-28,False,943.9300000000001,0.014796533826182227,Medium,Excellent
,2016-07-28 20:08:22+00:00,13.27,,0.998,9.09,914.39,7.16,1.044,11.02,28,,47.7,78.8,,28,20,1208,Thursday,7,2016-07-28,False,954.93,0.014512407178556196,Medium,Excellent
,2016-07-28 20:09:25+00:00,13.07,,0.995,8.94,915.55,7.16,1.044,11.22,28,,47.2,78.9,,28,20,1209,Thursday,7,2016-07-28,False,955.9399999999999,0.014275572060510076,Medium,Excellent
,2016-07-28 20:10:22+00:00,13.07,,0.994,8.74,914.17,7.16,1.044,11.22,28,,47.1,78.9,,28,20,1210,Thursday,7,2016-07-28,False,954.36,0.014297121979500532,Medium,Excellent
,2016-07-28 20:11:22+00:00,13.37,,0.993,8.74,916.06,7.21,1.045,12.03,28,,47.2,78.9,,28,20,1211,Thursday,7,2016-07-28,False,957.41,0.014595113857170928,High,Excellent
,2016-07-28 20:12:22+00:00,13.67,,0.994,9.52,915.11,7.16,1.046,11.93,28,,47.0,79.0,,28,20,1212,Thursday,7,2016-07-28,False,957.3899999999999,0.014938094873840303,High,Excellent
,2016-07-28 20:13:21+00:00,13.87,,0.994,9.59,914.01,7.11,1.046,11.63,28,,46.8,79.1,,28,20,1213,Thursday,7,2016-07-28,False,956.21,0.015174888677366768,Medium,Excellent
,2016-07-28 20:14:24+00:00,14.17,,0.994,9.72,911.99,7.21,1.047,11.62,28,,46.5,79.1,,28,20,1214,Thursday,7,2016-07-28,False,954.71,0.015537451068542417,Medium,Excellent
,2016-07-28 20:15:23+00:00,14.17,,0.996,9.79,911.91,7.13,1.046,11.22,28,,46.6,79.2,,28,20,1215,Thursday,7,2016-07-28,False,954.22,0.015538814137360047,Medium,Excellent
,2016-07-28 20:16:22+00:00,14.07,,0.995,9.24,911.48,7.16,1.046,11.03,28,,47.1,79.3,,28,20,1216,Thursday,7,2016-07-28,False,952.9799999999999,0.015436433053934261,Medium,Excellent
,2016-07-28 20:17:22+00:00,14.07,,0.995,9.14,912.63,7.16,1.046,11.73,28,,46.8,79.3,,28,20,1217,Thursday,7,2016-07-28,False,954.73,0.015416981690279741,Medium,Excellent
,2016-07-28 20:18:21+00:00,14.67,,0.997,8.64,911.94,7.19,1.046,11.72,28,,47.2,79.3,,28,20,1218,Thursday,7,2016-07-28,False,954.1600000000001,0.01608658464372656,Medium,Excellent
,2016-07-28 20:19:24+00:00,14.77,,0.994,8.54,913.25,6.68,1.046,11.72,28,,47.1,79.4,,28,20,1219,Thursday,7,2016-07-28,False,954.9599999999999,0.016173008486175745,Medium,Excellent
,2016-07-28 20:20:22+00:00,14.87,,0.991,8.44,899.61,6.65,1.046,11.52,28,,46.9,79.4,,28,20,1220,Thursday,7,2016-07-28,False,941.0899999999999,0.016529384955703025,Medium,Excellent
,2016-07-28 20:21:21+00:00,14.67,,0.99,8.32,904.52,6.68,1.046,11.62,28,,47.1,79.4,,28,20,1221,Thursday,7,2016-07-28,False,945.81,0.0162185468535798,Medium,Excellent
,2016-07-28 20:22:22+00:00,14.47,,0.988,8.41,903.31,6.65,1.046,12.12,28,,46.7,79.5,,28,20,1222,Thursday,7,2016-07-28,False,944.9599999999999,0.01601886395589554,Medium,Excellent
,2016-07-28 20:23:21+00:00,14.57,,0.99,8.14,910.82,6.68,1.045,11.93,28,,46.8,79.5,,28,20,1223,Thursday,7,2016-07-28,False,952.14,0.015996574515271953,Medium,Excellent
,2016-07-28 20:24:21+00:00,14.77,,0.992,8.24,916.21,6.68,1.045,11.72,28,,45.9,79.6,,28,20,1224,Thursday,7,2016-07-28,False,957.62,0.016120758341428273,High,Excellent
,2016-07-28 20:25:22+00:00,14.77,,0.987,8.24,914.25,6.68,1.045,11.72,28,,45.7,79.7,,28,20,1225,Thursday,7,2016-07-28,False,955.66,0.016155318567131528,Medium,Excellent
,2016-07-28 20:26:23+00:00,14.97,,0.986,8.74,912.2,6.68,1.045,10.92,28,,45.7,79.7,,28,20,1226,Thursday,7,2016-07-28,False,953.51,0.016410874808156107,Medium,Excellent
,2016-07-28 20:27:21+00:00,14.97,,0.994,8.84,914.25,6.68,1.045,10.82,28,,45.7,79.8,,28,20,1227,Thursday,7,2016-07-28,False,955.56,0.016374077112387204,Medium,Excellent
,2016-07-28 20:28:21+00:00,15.07,,0.995,9.41,914.22,7.12,1.047,11.72,28,,45.8,79.9,,28,20,1228,Thursday,7,2016-07-28,False,957.5400000000001,0.016483997287305024,High,Excellent
,2016-07-28 20:29:23+00:00,15.07,,0.996,9.52,914.67,7.18,1.047,11.62,28,,46.0,80.0,,28,20,1229,Thursday,7,2016-07-28,False,958.06,0.016475887478544175,High,Excellent
,2016-07-28 20:30:23+00:00,14.97,,0.996,9.84,909.05,7.13,1.048,11.62,28,,46.0,80.1,,28,20,1230,Thursday,7,2016-07-28,False,952.6099999999999,0.016467741048347178,Medium,Excellent
,2016-07-28 20:31:22+00:00,14.77,,0.994,9.79,909.44,7.11,1.048,11.62,28,,45.2,80.2,,28,20,1231,Thursday,7,2016-07-28,False,952.73,0.01624076354679803,Medium,Excellent
,2016-07-28 20:32:22+00:00,14.47,,0.992,9.22,912.13,7.16,1.047,11.92,28,,45.2,80.2,,28,20,1232,Thursday,7,2016-07-28,False,954.9,0.01586396675912425,Medium,Excellent
,2016-07-28 20:33:21+00:00,14.47,,0.992,9.12,913.04,7.13,1.047,11.93,28,,45.0,80.0,,28,20,1233,Thursday,7,2016-07-28,False,955.6899999999999,0.01584815561202138,Medium,Excellent
,2016-07-28 20:34:21+00:00,14.17,,0.994,9.12,913.25,7.14,1.046,11.52,28,,45.7,80.0,,28,20,1234,Thursday,7,2016-07-28,False,955.1999999999999,0.015516014234875445,Medium,Excellent
,2016-07-28 20:35:23+00:00,14.17,,0.994,9.09,911.62,7.11,1.046,11.62,28,,45.2,79.9,,28,20,1235,Thursday,7,2016-07-28,False,953.61,0.01554375726728242,Medium,Excellent
,2016-07-28 20:36:21+00:00,14.07,,0.997,9.29,915.69,7.14,1.046,11.62,28,,45.0,79.9,,28,20,1236,Thursday,7,2016-07-28,False,957.8100000000001,0.015365462110539593,High,Excellent
,2016-07-28 20:37:21+00:00,13.77,,0.998,9.42,913.29,7.17,1.046,11.62,28,,45.4,79.9,,28,20,1237,Thursday,7,2016-07-28,False,955.27,0.015077357684853661,Medium,Excellent
,2016-07-28 20:38:21+00:00,13.27,,0.992,8.99,916.37,6.6,1.044,11.32,28,,45.2,80.0,,28,20,1238,Thursday,7,2016-07-28,False,956.5500000000001,0.014481050230801968,Medium,Excellent
,2016-07-28 20:39:25+00:00,13.27,,0.994,8.92,918.99,6.63,1.044,11.52,28,,45.2,80.1,,28,20,1239,Thursday,7,2016-07-28,False,959.33,0.014439765394618003,High,Excellent
,2016-07-28 20:40:22+00:00,13.17,,0.994,9.42,918.64,6.63,1.044,11.03,28,,45.0,80.1,,28,20,1240,Thursday,7,2016-07-28,False,958.89,0.014336410345728468,High,Excellent
,2016-07-28 20:41:22+00:00,12.77,,0.991,9.32,916.74,6.63,1.044,11.42,28,,45.6,80.1,,28,20,1241,Thursday,7,2016-07-28,False,956.88,0.013929794707332504,High,Excellent
,2016-07-28 20:42:21+00:00,12.47,,0.997,8.72,919.62,6.66,1.043,11.72,28,,45.2,80.1,,28,20,1242,Thursday,7,2016-07-28,False,959.19,0.013559948674452493,High,Excellent
,2016-07-28 20:43:22+00:00,12.37,,0.997,8.79,914.45,6.6,1.043,11.72,28,,46.0,80.2,,28,20,1243,Thursday,7,2016-07-28,False,953.9300000000001,0.013527256821039968,Medium,Excellent
,2016-07-28 20:44:21+00:00,12.27,,0.991,8.49,913.06,6.61,1.043,11.52,28,,45.8,80.2,,28,20,1244,Thursday,7,2016-07-28,False,951.9499999999999,0.013438328258821984,Medium,Excellent
,2016-07-28 20:45:22+00:00,12.47,,0.993,8.69,912.42,7.14,1.044,11.72,28,,45.7,80.2,,28,20,1245,Thursday,7,2016-07-28,False,952.4399999999999,0.013666951623156004,Medium,Excellent
,2016-07-28 20:46:22+00:00,12.57,,0.993,9.22,912.76,7.16,1.045,12.02,28,,45.8,80.1,,28,20,1246,Thursday,7,2016-07-28,False,953.7299999999999,0.013771418554713179,Medium,Excellent
,2016-07-28 20:47:21+00:00,12.77,,0.993,9.12,915.07,7.14,1.045,12.02,28,,45.4,80.1,,28,20,1247,Thursday,7,2016-07-28,False,956.12,0.013955216540811085,Medium,Excellent
,2016-07-28 20:48:22+00:00,12.87,,0.992,9.22,912.0,7.16,1.044,11.32,28,,45.2,80.2,,28,20,1248,Thursday,7,2016-07-28,False,952.57,0.014111842105263157,Medium,Excellent
,2016-07-28 20:49:22+00:00,13.17,,0.995,9.19,910.94,7.11,1.045,11.32,28,,44.9,80.2,,28,20,1249,Thursday,7,2016-07-28,False,951.7300000000001,0.01445759325531868,Medium,Excellent
,2016-07-28 20:50:26+00:00,13.57,,0.997,8.09,912.68,7.14,1.044,11.72,28,,44.7,80.3,,28,20,1250,Thursday,7,2016-07-28,False,953.1999999999999,0.014868299951790332,Medium,Excellent
,2016-07-28 20:51:21+00:00,13.77,,0.994,8.12,910.32,7.16,1.044,11.23,28,,44.7,80.5,,28,20,1251,Thursday,7,2016-07-28,False,950.6,0.01512654890587925,Medium,Excellent
,2016-07-28 20:52:21+00:00,14.27,,0.993,8.12,918.01,7.16,1.045,11.73,28,,44.5,80.6,,28,20,1252,Thursday,7,2016-07-28,False,959.29,0.015544492979379309,High,Excellent
,2016-07-28 20:53:21+00:00,14.27,,0.994,7.99,917.98,7.12,1.045,11.72,28,,44.6,80.8,,28,20,1253,Thursday,7,2016-07-28,False,959.08,0.015545000980413516,High,Excellent
,2016-07-28 20:54:23+00:00,14.27,,0.994,8.02,917.91,7.12,1.045,11.72,28,,44.6,80.8,,28,20,1254,Thursday,7,2016-07-28,False,959.04,0.0155461864452942,High,Excellent
,2016-07-28 20:55:30+00:00,14.27,,0.993,8.02,917.73,6.64,1.044,11.72,28,,44.6,80.8,,28,20,1255,Thursday,7,2016-07-28,False,958.38,0.015549235613960532,High,Excellent
,2016-07-28 20:56:20+00:00,14.27,,0.994,8.09,918.23,7.76,1.046,11.72,28,,44.6,80.8,,28,20,1256,Thursday,7,2016-07-28,False,960.07,0.015540768652734063,High,Excellent
,2016-07-28 20:57:21+00:00,14.27,,0.993,8.02,917.98,6.64,1.044,11.72,28,,44.6,80.8,,28,20,1257,Thursday,7,2016-07-28,False,958.63,0.015545000980413516,High,Excellent
,2016-07-28 20:58:21+00:00,14.67,,0.99,8.39,917.35,6.59,1.045,11.62,28,,44.6,80.9,,28,20,1258,Thursday,7,2016-07-28,False,958.6200000000001,0.015991715266801113,High,Excellent
,2016-07-28 20:59:23+00:00,14.67,,0.991,8.89,917.81,7.11,1.046,11.62,28,,45.3,80.9,,28,20,1259,Thursday,7,2016-07-28,False,960.0999999999999,0.015983700330133688,High,Excellent
,2016-07-28 21:00:23+00:00,14.67,,0.991,8.92,917.91,7.15,1.046,11.62,28,,45.3,80.9,,28,21,1260,Thursday,7,2016-07-28,False,960.27,0.015981959015589763,High,Excellent
,2016-07-28 21:01:23+00:00,14.67,,0.991,8.89,917.55,7.09,1.046,11.62,28,,45.3,80.9,,28,21,1261,Thursday,7,2016-07-28,False,959.8199999999999,0.015988229524276608,High,Excellent
,2016-07-28 21:02:21+00:00,14.67,,0.991,8.89,917.83,7.14,1.046,11.62,28,,45.3,80.9,,28,21,1262,Thursday,7,2016-07-28,False,960.1500000000001,0.015983352036869573,High,Excellent
,2016-07-28 21:03:22+00:00,14.67,,0.991,8.94,917.71,7.14,1.046,11.62,28,,45.3,80.9,,28,21,1263,Thursday,7,2016-07-28,False,960.08,0.015985442024168853,High,Excellent
,2016-07-28 21:04:21+00:00,14.67,,0.991,8.94,917.79,7.14,1.046,11.62,28,,45.3,80.9,,28,21,1264,Thursday,7,2016-07-28,False,960.16,0.015984048638577452,High,Excellent
,2016-07-28 21:05:22+00:00,14.67,,0.991,8.91,918.25,7.09,1.046,11.62,28,,45.3,80.9,,28,21,1265,Thursday,7,2016-07-28,False,960.5400000000001,0.015976041383065614,High,Excellent
,2016-07-28 21:06:22+00:00,14.67,,0.991,8.89,918.19,7.02,1.046,11.62,28,,45.3,80.9,,28,21,1266,Thursday,7,2016-07-28,False,960.39,0.015977085352704777,High,Excellent
,2016-07-28 21:07:22+00:00,14.67,,0.991,8.92,918.21,7.1,1.046,11.62,28,,45.3,80.9,,28,21,1267,Thursday,7,2016-07-28,False,960.5200000000001,0.015976737347665564,High,Excellent
,2016-07-28 21:08:20+00:00,14.67,,0.991,8.89,917.41,7.05,1.046,11.62,28,,45.3,80.9,,28,21,1268,Thursday,7,2016-07-28,False,959.64,0.01599066938446278,High,Excellent
,2016-07-28 21:09:24+00:00,14.67,,0.989,8.92,917.79,5.86,1.045,11.62,28,,45.3,80.9,,28,21,1269,Thursday,7,2016-07-28,False,958.86,0.015984048638577452,High,Excellent
,2016-07-28 21:10:23+00:00,14.67,,0.989,9.02,917.45,5.83,1.045,11.62,28,,45.3,80.9,,28,21,1270,Thursday,7,2016-07-28,False,958.5900000000001,0.015989972205569785,High,Excellent
,2016-07-28 21:11:22+00:00,14.67,,0.989,8.89,917.91,5.78,1.045,11.62,28,,45.3,80.9,,28,21,1271,Thursday,7,2016-07-28,False,958.87,0.015981959015589763,High,Excellent
,2016-07-28 21:12:21+00:00,14.67,,0.989,8.99,917.98,5.78,1.045,11.62,28,,45.3,80.9,,28,21,1272,Thursday,7,2016-07-28,False,959.04,0.015980740321139893,High,Excellent
,2016-07-28 21:13:22+00:00,14.67,,0.989,8.92,917.45,5.83,1.045,11.62,28,,45.3,80.9,,28,21,1273,Thursday,7,2016-07-28,False,958.4900000000001,0.015989972205569785,High,Excellent
,2016-07-28 21:14:24+00:00,14.67,,0.989,8.92,918.09,5.84,1.045,11.62,28,,45.3,80.9,,28,21,1274,Thursday,7,2016-07-28,False,959.1400000000001,0.01597882560533281,High,Excellent
,2016-07-28 21:15:22+00:00,14.67,,0.989,8.92,917.79,5.84,1.045,11.62,28,,45.3,80.9,,28,21,1275,Thursday,7,2016-07-28,False,958.84,0.015984048638577452,High,Excellent
,2016-07-28 21:16:23+00:00,14.67,,0.989,8.92,918.04,5.84,1.045,11.62,28,,45.3,80.9,,28,21,1276,Thursday,7,2016-07-28,False,959.09,0.015979695873818135,High,Excellent
,2016-07-28 21:17:21+00:00,14.67,,0.989,8.92,918.0,5.83,1.045,11.62,28,,45.3,80.9,,28,21,1277,Thursday,7,2016-07-28,False,959.0400000000001,0.015980392156862745,High,Excellent
,2016-07-28 21:18:22+00:00,14.67,,0.989,8.92,918.67,5.86,1.045,11.62,28,,45.3,80.9,,28,21,1278,Thursday,7,2016-07-28,False,959.74,0.015968737413870053,High,Excellent
,2016-07-28 21:19:23+00:00,14.67,,0.989,8.94,917.84,5.81,1.045,11.62,28,,45.3,80.9,,28,21,1279,Thursday,7,2016-07-28,False,958.88,0.015983177895929575,High,Excellent
,2016-07-28 21:20:23+00:00,14.67,,0.989,8.91,917.71,5.81,1.045,11.62,28,,45.3,80.9,,28,21,1280,Thursday,7,2016-07-28,False,958.72,0.015985442024168853,High,Excellent
,2016-07-28 21:21:22+00:00,14.67,,0.989,8.89,917.27,5.8,1.045,11.62,28,,45.3,80.9,,28,21,1281,Thursday,7,2016-07-28,False,958.2499999999999,0.01599310998942514,High,Excellent
,2016-07-28 21:22:21+00:00,14.67,,0.989,8.89,917.7,5.78,1.045,11.62,28,,45.3,80.9,,28,21,1282,Thursday,7,2016-07-28,False,958.66,0.015985616214449164,High,Excellent
,2016-07-28 21:23:20+00:00,14.67,,0.989,9.01,917.83,5.78,1.045,11.62,28,,45.3,80.9,,28,21,1283,Thursday,7,2016-07-28,False,958.91,0.015983352036869573,High,Excellent
,2016-07-28 21:24:21+00:00,14.67,,0.989,8.89,917.96,5.83,1.045,11.62,28,,45.3,80.9,,28,21,1284,Thursday,7,2016-07-28,False,958.97,0.01598108850058826,High,Excellent
,2016-07-28 21:25:21+00:00,14.67,,0.989,9.02,917.8,5.86,1.045,11.62,28,,45.3,80.9,,28,21,1285,Thursday,7,2016-07-28,False,958.97,0.01598387448245805,High,Excellent
,2016-07-28 21:26:22+00:00,17.77,,0.996,9.12,901.5,5.84,1.049,11.82,28,,45.0,80.4,,28,21,1286,Thursday,7,2016-07-28,False,946.0500000000001,0.01971159179145868,Medium,Excellent
,2016-07-28 21:27:21+00:00,17.07,,0.994,9.19,907.3,5.78,1.048,11.62,28,,45.3,80.7,,28,21,1287,Thursday,7,2016-07-28,False,950.9599999999999,0.018814063705499835,Medium,Excellent
,2016-07-28 21:28:21+00:00,16.97,,0.997,9.92,904.88,5.81,1.048,10.82,28,,45.3,80.9,,28,21,1288,Thursday,7,2016-07-28,False,948.4,0.018753867916187782,Medium,Excellent
,2016-07-28 21:29:23+00:00,17.07,,0.998,9.89,905.83,5.81,1.048,10.82,28,,45.3,80.9,,28,21,1289,Thursday,7,2016-07-28,False,949.4200000000001,0.018844595564289104,Medium,Excellent
,2016-07-28 21:30:23+00:00,17.07,,0.998,10.29,902.12,5.83,1.05,11.62,28,,45.2,81.1,,28,21,1290,Thursday,7,2016-07-28,False,946.9300000000001,0.018922094621558107,Medium,Excellent
,2016-07-28 21:31:21+00:00,17.07,,0.999,10.22,902.27,5.83,1.05,11.62,28,,44.9,81.3,,28,21,1291,Thursday,7,2016-07-28,False,947.01,0.0189189488733971,Medium,Excellent
,2016-07-28 21:32:21+00:00,16.97,,1.003,9.99,902.76,5.78,1.049,11.82,28,,44.2,81.4,,28,21,1292,Thursday,7,2016-07-28,False,947.32,0.018797908635739286,Medium,Excellent
,2016-07-28 21:33:20+00:00,17.37,,1.002,10.02,904.47,5.81,1.049,11.42,28,,44.0,81.6,,28,21,1293,Thursday,7,2016-07-28,False,949.0899999999999,0.019204617068559488,Medium,Excellent
,2016-07-28 21:34:21+00:00,17.27,,1.0,9.32,904.35,5.84,1.048,11.23,28,,44.2,82.0,,28,21,1294,Thursday,7,2016-07-28,False,948.0100000000001,0.01909658871012329,Medium,Excellent
,2016-07-28 21:35:22+00:00,17.47,,0.999,9.29,906.64,5.81,1.048,11.22,28,,44.4,82.2,,28,21,1295,Thursday,7,2016-07-28,False,950.43,0.019268949086737843,Medium,Excellent
,2016-07-28 21:36:22+00:00,17.37,,0.998,8.92,902.73,5.83,1.048,11.22,28,,44.7,82.3,,28,21,1296,Thursday,7,2016-07-28,False,946.07,0.019241633711076404,Medium,Excellent
,2016-07-28 21:37:22+00:00,17.47,,1.0,8.92,905.83,5.86,1.048,11.12,28,,44.7,82.6,,28,21,1297,Thursday,7,2016-07-28,False,949.2,0.019286179525959617,Medium,Excellent
,2016-07-28 21:38:22+00:00,17.97,,0.998,9.12,904.12,5.83,1.049,11.02,28,,44.5,82.7,,28,21,1298,Thursday,7,2016-07-28,False,948.0600000000001,0.019875680219439897,Medium,Excellent
,2016-07-28 21:39:23+00:00,17.77,,0.998,9.09,904.04,5.81,1.049,11.52,28,,44.2,82.5,,28,21,1299,Thursday,7,2016-07-28,False,948.2299999999999,0.019656209902216715,Medium,Excellent
,2016-07-28 21:40:22+00:00,17.77,,1.001,8.82,905.62,5.83,1.049,12.02,28,,43.8,82.3,,28,21,1300,Thursday,7,2016-07-28,False,950.0600000000001,0.019621916477109605,Medium,Excellent
,2016-07-28 21:41:21+00:00,18.27,,1.002,8.82,904.25,5.81,1.05,12.02,28,,43.7,82.2,,28,21,1301,Thursday,7,2016-07-28,False,949.17,0.020204589438761404,Medium,Excellent
,2016-07-28 21:42:20+00:00,18.67,,0.999,9.32,903.61,5.83,1.05,11.52,28,,43.8,82.1,,28,21,1302,Thursday,7,2016-07-28,False,948.95,0.020661568597071748,Medium,Excellent
,2016-07-28 21:43:21+00:00,18.87,,1.003,9.32,905.43,5.81,1.05,11.42,28,,44.0,81.9,,28,21,1303,Thursday,7,2016-07-28,False,950.8499999999999,0.020840926410655713,Medium,Excellent
,2016-07-28 21:44:23+00:00,18.87,,1.001,9.42,905.19,5.83,1.05,10.92,28,,44.2,81.8,,28,21,1304,Thursday,7,2016-07-28,False,950.23,0.02084645212607298,Medium,Excellent
,2016-07-28 21:45:23+00:00,18.97,,1.005,9.52,906.2,5.84,1.05,11.42,28,,44.2,81.7,,28,21,1305,Thursday,7,2016-07-28,False,951.95,0.02093356874862061,Medium,Excellent
,2016-07-28 21:46:21+00:00,18.97,,0.997,8.72,906.56,5.84,1.05,11.52,28,,44.5,81.6,,28,21,1306,Thursday,7,2016-07-28,False,951.61,0.020925255912460288,Medium,Excellent
,2016-07-28 21:47:21+00:00,18.97,,0.995,8.79,908.95,5.81,1.05,11.62,28,,44.5,81.6,,28,21,1307,Thursday,7,2016-07-28,False,954.14,0.02087023488640739,Medium,Excellent
,2016-07-28 21:48:22+00:00,18.97,,0.995,8.99,909.05,5.83,1.05,11.62,28,,44.2,81.5,,28,21,1308,Thursday,7,2016-07-28,False,954.46,0.020867939057257576,Medium,Excellent
,2016-07-28 21:49:22+00:00,18.87,,0.999,9.02,909.4,5.84,1.049,11.22,28,,44.5,81.4,,28,21,1309,Thursday,7,2016-07-28,False,954.35,0.020749945018693646,Medium,Excellent
,2016-07-28 21:50:23+00:00,18.97,,1.0,9.32,907.5,5.84,1.05,11.23,28,,44.6,81.4,,28,21,1310,Thursday,7,2016-07-28,False,952.86,0.02090358126721763,Medium,Excellent
,2016-07-28 21:51:21+00:00,18.37,,0.998,9.39,906.22,5.8,1.05,11.42,28,,44.6,81.5,,28,21,1311,Thursday,7,2016-07-28,False,951.1999999999999,0.020271015868111496,Medium,Excellent
,2016-07-28 21:52:21+00:00,18.07,,0.994,9.69,906.13,5.78,1.049,11.22,28,,44.6,81.6,,28,21,1312,Thursday,7,2016-07-28,False,950.89,0.019941950934192668,Medium,Excellent
,2016-07-28 21:53:21+00:00,18.27,,0.995,9.82,904.88,5.83,1.051,11.82,28,,44.2,81.7,,28,21,1313,Thursday,7,2016-07-28,False,950.6200000000001,0.020190522500221023,Medium,Excellent
,2016-07-28 21:54:22+00:00,18.17,,0.995,8.62,906.08,5.83,1.049,11.82,28,,44.5,81.8,,28,21,1314,Thursday,7,2016-07-28,False,950.5200000000001,0.020053416916828538,Medium,Excellent
,2016-07-28 21:55:22+00:00,18.17,,0.991,8.59,911.12,2.44,1.044,11.32,28,,44.2,81.9,,28,21,1315,Thursday,7,2016-07-28,False,951.6400000000001,0.019942488365967164,Medium,Excellent
,2016-07-28 21:56:22+00:00,17.87,,0.995,9.42,917.81,2.44,1.045,11.52,28,,44.2,82.0,,28,21,1316,Thursday,7,2016-07-28,False,959.06,0.019470260729344855,High,Excellent
,2016-07-28 21:57:21+00:00,17.67,,0.996,9.32,920.06,2.46,1.045,11.52,28,,44.2,82.0,,28,21,1317,Thursday,7,2016-07-28,False,961.03,0.01920526922157251,High,Excellent
,2016-07-28 21:58:20+00:00,17.57,,0.994,9.92,919.88,2.44,1.046,12.02,28,,44.0,82.1,,28,21,1318,Thursday,7,2016-07-28,False,961.83,0.019100317432708614,High,Excellent
,2016-07-28 21:59:24+00:00,17.67,,0.997,9.77,920.01,4.32,1.047,11.32,28,,44.0,82.1,,28,21,1319,Thursday,7,2016-07-28,False,963.0900000000001,0.01920631297485897,High,Excellent
,2016-07-28 22:00:22+00:00,17.47,,0.994,9.39,920.58,2.44,1.044,11.32,28,,44.2,82.1,,28,22,1320,Thursday,7,2016-07-28,False,961.2000000000002,0.01897716656890221,High,Excellent
,2016-07-28 22:01:21+00:00,17.47,,0.993,9.39,918.2,2.46,1.044,11.32,28,,44.0,82.1,,28,22,1321,Thursday,7,2016-07-28,False,958.8400000000001,0.01902635591374428,High,Excellent
,2016-07-28 22:02:21+00:00,17.87,,0.991,9.42,918.27,2.46,1.044,11.02,28,,44.0,82.0,,28,22,1322,Thursday,7,2016-07-28,False,959.04,0.019460507258213817,High,Excellent
,2016-07-28 22:03:20+00:00,17.57,,0.992,9.32,916.28,2.44,1.044,11.03,28,,44.2,82.0,,28,22,1323,Thursday,7,2016-07-28,False,956.64,0.01917536124328808,Medium,Excellent
,2016-07-28 22:04:22+00:00,17.67,,0.994,9.69,926.26,2.44,1.044,11.12,28,,44.2,82.1,,28,22,1324,Thursday,7,2016-07-28,False,967.1800000000001,0.019076717120462938,High,Excellent
,2016-07-28 22:05:23+00:00,17.77,,0.994,9.67,928.24,2.41,1.044,11.12,28,,44.5,82.1,,28,22,1325,Thursday,7,2016-07-28,False,969.21,0.01914375592519176,High,Excellent
,2016-07-28 22:06:21+00:00,18.17,,0.992,8.99,930.1,2.44,1.044,11.72,28,,44.5,82.1,,28,22,1326,Thursday,7,2016-07-28,False,971.4200000000001,0.019535533813568436,High,Excellent
,2016-07-28 22:07:21+00:00,18.27,,0.999,9.09,931.96,5.52,1.048,11.82,28,,44.5,81.8,,28,22,1327,Thursday,7,2016-07-28,False,976.6600000000001,0.019603845658611955,High,Excellent
,2016-07-28 22:08:22+00:00,18.07,,0.994,8.49,930.3,2.46,1.043,11.22,28,,44.6,81.8,,28,22,1328,Thursday,7,2016-07-28,False,970.54,0.019423841771471568,High,Excellent
,2016-07-28 22:09:23+00:00,18.07,,0.993,8.42,926.46,2.44,1.044,11.62,28,,44.6,81.7,,28,22,1329,Thursday,7,2016-07-28,False,967.0100000000001,0.019504349890982882,High,Excellent
,2016-07-28 22:10:23+00:00,18.37,,0.985,9.19,926.59,2.41,1.045,11.62,28,,44.7,81.7,,28,22,1330,Thursday,7,2016-07-28,False,968.1800000000001,0.01982538123657713,High,Excellent
,2016-07-28 22:11:22+00:00,18.27,,0.984,9.19,926.52,2.46,1.045,11.62,28,,44.6,81.8,,28,22,1331,Thursday,7,2016-07-28,False,968.0600000000001,0.01971894832275612,High,Excellent
,2016-07-28 22:12:21+00:00,17.97,,0.988,8.92,924.24,2.44,1.044,11.02,28,,44.6,81.8,,28,22,1332,Thursday,7,2016-07-28,False,964.59,0.019443001817709686,High,Excellent
,2016-07-28 22:13:21+00:00,18.17,,0.991,9.02,929.17,2.44,1.044,11.32,28,,44.7,81.8,,28,22,1333,Thursday,7,2016-07-28,False,970.1200000000001,0.0195550867978949,High,Excellent
,2016-07-28 22:14:22+00:00,18.27,,0.99,8.69,927.21,2.46,1.044,11.52,28,,44.8,81.8,,28,22,1334,Thursday,7,2016-07-28,False,968.1500000000001,0.019704274112660562,High,Excellent
,2016-07-28 22:15:23+00:00,18.27,,0.99,8.79,926.14,2.41,1.045,11.82,28,,44.7,81.8,,28,22,1335,Thursday,7,2016-07-28,False,967.43,0.019727039108558102,High,Excellent
,2016-07-28 22:16:21+00:00,18.77,,0.989,9.82,926.08,2.44,1.046,11.82,28,,44.7,81.8,,28,22,1336,Thursday,7,2016-07-28,False,968.9300000000002,0.020268227366966134,High,Excellent
,2016-07-28 22:17:20+00:00,18.97,,0.988,9.72,927.1,2.44,1.046,11.82,28,,44.9,81.7,,28,22,1337,Thursday,7,2016-07-28,False,970.0500000000001,0.020461654621939378,High,Excellent
,2016-07-28 22:18:21+00:00,18.87,,0.99,9.79,927.37,2.44,1.045,10.92,28,,45.3,81.7,,28,22,1338,Thursday,7,2016-07-28,False,969.39,0.020347865469014525,High,Excellent
,2016-07-28 22:19:22+00:00,18.57,,0.992,9.89,927.52,2.46,1.046,11.62,28,,45.6,81.8,,28,22,1339,Thursday,7,2016-07-28,False,970.0600000000001,0.02002113161980335,High,Excellent
,2016-07-28 22:20:23+00:00,18.47,,0.992,9.22,927.14,2.44,1.044,11.12,28,,45.7,81.8,,28,22,1340,Thursday,7,2016-07-28,False,968.39,0.019921478956791853,High,Excellent
,2016-07-28 22:21:22+00:00,18.47,,0.991,9.19,925.89,2.44,1.045,11.12,28,,45.6,81.8,,28,22,1341,Thursday,7,2016-07-28,False,967.11,0.01994837399691108,High,Excellent
,2016-07-28 22:22:22+00:00,18.77,,0.995,9.82,927.1,2.94,1.046,11.12,28,,45.7,81.6,,28,22,1342,Thursday,7,2016-07-28,False,969.7500000000001,0.0202459281630892,High,Excellent
,2016-07-28 22:23:20+00:00,18.97,,0.994,9.72,926.82,2.46,1.046,11.12,28,,45.7,81.5,,28,22,1343,Thursday,7,2016-07-28,False,969.09,0.02046783625730994,High,Excellent
,2016-07-28 22:24:21+00:00,19.07,,0.992,9.02,926.76,2.44,1.045,11.52,28,,45.6,81.4,,28,22,1344,Thursday,7,2016-07-28,False,968.8100000000001,0.02057706418058613,High,Excellent
,2016-07-28 22:25:22+00:00,19.07,,0.994,9.12,928.83,2.46,1.045,11.33,28,,45.5,81.3,,28,22,1345,Thursday,7,2016-07-28,False,970.8100000000001,0.020531205925734524,High,Excellent
,2016-07-28 22:26:21+00:00,18.87,,0.993,8.39,928.62,2.44,1.045,11.83,28,,45.5,81.3,,28,22,1346,Thursday,7,2016-07-28,False,970.1500000000001,0.02032047554435614,High,Excellent
,2016-07-28 22:27:21+00:00,18.97,,0.992,8.39,926.94,2.46,1.045,11.82,28,,45.4,81.3,,28,22,1347,Thursday,7,2016-07-28,False,968.5800000000002,0.020465186527714844,High,Excellent
,2016-07-28 22:28:21+00:00,18.77,,0.994,8.69,929.67,2.41,1.045,11.53,28,,45.6,81.1,,28,22,1348,Thursday,7,2016-07-28,False,971.0699999999999,0.020189959878236362,High,Excellent
,2016-07-28 22:29:22+00:00,18.67,,0.996,8.69,929.04,2.46,1.045,11.53,28,,45.7,81.0,,28,22,1349,Thursday,7,2016-07-28,False,970.39,0.02009601308877982,High,Excellent
,2016-07-28 22:30:23+00:00,18.77,,0.991,9.09,923.03,2.44,1.046,12.32,28,,45.7,81.0,,28,22,1350,Thursday,7,2016-07-28,False,965.6500000000001,0.020335200372685613,High,Excellent
,2016-07-28 22:31:22+00:00,18.87,,0.998,9.19,924.51,2.44,1.046,11.92,28,,45.8,80.9,,28,22,1351,Thursday,7,2016-07-28,False,966.93,0.020410812214037708,High,Excellent
,2016-07-28 22:32:21+00:00,18.87,,0.997,8.69,925.04,2.46,1.045,11.82,28,,46.0,81.0,,28,22,1352,Thursday,7,2016-07-28,False,966.88,0.020399117875983742,High,Excellent
,2016-07-28 22:33:20+00:00,19.07,,0.994,8.82,925.21,2.46,1.045,11.02,28,,46.1,80.9,,28,22,1353,Thursday,7,2016-07-28,False,966.58,0.020611536840284907,High,Excellent
,2016-07-28 22:34:21+00:00,19.27,,0.992,8.99,927.74,2.44,1.044,10.52,28,,46.1,80.8,,28,22,1354,Thursday,7,2016-07-28,False,968.96,0.020770905641666847,High,Excellent
,2016-07-28 22:35:22+00:00,19.27,,0.993,8.99,925.17,2.46,1.045,10.52,28,,46.1,80.8,,28,22,1355,Thursday,7,2016-07-28,False,966.41,0.020828604472691505,High,Excellent
,2016-07-28 22:36:21+00:00,19.07,,0.993,9.39,921.89,2.44,1.046,11.72,28,,46.0,80.8,,28,22,1356,Thursday,7,2016-07-28,False,964.5100000000001,0.020685765112974434,High,Excellent
,2016-07-28 22:37:21+00:00,18.67,,0.996,9.52,923.92,2.46,1.046,11.92,28,,46.2,81.0,,28,22,1357,Thursday,7,2016-07-28,False,966.49,0.020207377262100618,High,Excellent
,2016-07-28 22:38:21+00:00,18.57,,0.988,8.82,924.55,2.44,1.045,11.62,28,,46.1,81.1,,28,22,1358,Thursday,7,2016-07-28,False,966.0,0.02008544697420367,High,Excellent
,2016-07-28 22:39:22+00:00,18.57,,0.986,8.69,926.0,2.46,1.044,11.22,28,,46.1,81.3,,28,22,1359,Thursday,7,2016-07-28,False,966.94,0.020053995680345573,High,Excellent
,2016-07-28 22:40:23+00:00,18.97,,0.989,8.79,926.45,2.44,1.045,11.22,28,,46.2,81.4,,28,22,1360,Thursday,7,2016-07-28,False,967.8700000000001,0.020476010578012842,High,Excellent
,2016-07-28 22:41:22+00:00,19.17,,0.989,8.79,921.93,2.46,1.045,11.22,28,,46.2,81.5,,28,22,1361,Thursday,7,2016-07-28,False,963.57,0.020793335719631646,High,Excellent
,2016-07-28 22:42:21+00:00,19.27,,0.991,9.82,926.61,2.46,1.046,11.43,28,,47.1,81.6,,28,22,1362,Thursday,7,2016-07-28,False,969.59,0.02079623574103452,High,Excellent
,2016-07-28 22:43:21+00:00,18.97,,0.992,9.82,927.31,2.46,1.046,11.62,28,,46.9,81.6,,28,22,1363,Thursday,7,2016-07-28,False,970.18,0.020457020845240533,High,Excellent
,2016-07-28 22:44:21+00:00,18.47,,0.99,9.92,926.25,2.46,1.046,11.32,28,,46.7,81.6,,28,22,1364,Thursday,7,2016-07-28,False,968.4200000000001,0.019940620782726046,High,Excellent
,2016-07-28 22:45:23+00:00,18.67,,0.99,9.92,922.14,2.46,1.046,11.32,28,,46.3,81.6,,28,22,1365,Thursday,7,2016-07-28,False,964.5100000000001,0.02024638341249702,High,Excellent
,2016-07-28 22:46:21+00:00,18.67,,0.988,8.89,922.27,2.44,1.046,12.42,28,,46.2,81.5,,28,22,1366,Thursday,7,2016-07-28,False,964.6899999999999,0.020243529552083448,High,Excellent
,2016-07-28 22:47:22+00:00,18.77,,0.99,9.02,927.19,2.46,1.045,11.42,28,,46.0,81.6,,28,22,1367,Thursday,7,2016-07-28,False,968.86,0.020243962941791864,High,Excellent
,2016-07-28 22:48:22+00:00,18.67,,0.996,9.02,927.11,2.46,1.045,11.42,28,,46.2,81.6,,28,22,1368,Thursday,7,2016-07-28,False,968.6800000000001,0.020137847720335236,High,Excellent
,2016-07-28 22:49:22+00:00,18.77,,0.992,8.99,927.39,2.46,1.045,11.32,28,,46.1,81.6,,28,22,1369,Thursday,7,2016-07-28,False,968.9300000000001,0.02023959714898802,High,Excellent
,2016-07-28 22:50:22+00:00,18.77,,0.996,9.62,926.46,2.44,1.046,11.42,28,,46.2,81.6,,28,22,1370,Thursday,7,2016-07-28,False,968.71,0.020259914081557757,High,Excellent
,2016-07-28 22:51:21+00:00,18.77,,0.995,9.59,925.68,2.46,1.046,11.52,28,,45.7,81.6,,28,22,1371,Thursday,7,2016-07-28,False,968.02,0.020276985567366693,High,Excellent
,2016-07-28 22:52:21+00:00,18.87,,0.995,9.42,927.5,2.46,1.045,11.43,28,,45.8,81.6,,28,22,1372,Thursday,7,2016-07-28,False,969.68,0.02034501347708895,High,Excellent
,2016-07-28 22:53:21+00:00,18.47,,0.995,9.52,926.1,2.44,1.045,11.43,28,,45.8,81.6,,28,22,1373,Thursday,7,2016-07-28,False,967.96,0.019943850556095453,High,Excellent
,2016-07-28 22:54:22+00:00,18.37,,0.991,8.69,925.74,2.44,1.044,11.52,28,,45.8,81.5,,28,22,1374,Thursday,7,2016-07-28,False,966.76,0.01984358459178603,High,Excellent
,2016-07-28 22:55:23+00:00,18.47,,0.996,8.79,926.77,2.44,1.045,11.62,28,,45.8,81.5,,28,22,1375,Thursday,7,2016-07-28,False,968.09,0.019929432329488437,High,Excellent
,2016-07-28 22:56:21+00:00,18.67,,0.994,8.52,925.78,2.46,1.045,11.62,28,,46.2,81.5,,28,22,1376,Thursday,7,2016-07-28,False,967.0500000000001,0.0201667782842576,High,Excellent
,2016-07-28 22:57:21+00:00,18.77,,0.994,8.49,923.08,2.46,1.045,11.82,28,,46.5,81.5,,28,22,1377,Thursday,7,2016-07-28,False,964.6200000000001,0.020334098886337044,High,Excellent
,2016-07-28 22:58:21+00:00,19.07,,0.992,8.89,927.23,2.41,1.046,12.12,28,,46.6,81.5,,28,22,1378,Thursday,7,2016-07-28,False,969.72,0.02056663395274096,High,Excellent
,2016-07-28 22:59:23+00:00,18.87,,0.995,8.92,927.2,2.46,1.046,12.12,28,,46.5,81.3,,28,22,1379,Thursday,7,2016-07-28,False,969.57,0.020351596203623815,High,Excellent
,2016-07-28 23:00:24+00:00,18.67,,0.996,9.29,928.04,2.44,1.045,11.32,28,,46.5,81.1,,28,23,1380,Thursday,7,2016-07-28,False,969.7600000000001,0.02011766734192492,High,Excellent
,2016-07-28 23:01:23+00:00,18.57,,0.996,9.32,928.67,2.44,1.045,11.32,28,,46.7,81.1,,28,23,1381,Thursday,7,2016-07-28,False,970.32,0.019996338850183596,High,Excellent
,2016-07-28 23:02:22+00:00,18.87,,0.996,8.97,927.57,2.41,1.046,12.02,28,,46.6,81.0,,28,23,1382,Thursday,7,2016-07-28,False,969.84,0.020343478120249683,High,Excellent
,2016-07-28 23:03:20+00:00,18.77,,0.995,8.99,927.35,2.41,1.045,12.02,28,,46.7,80.9,,28,23,1383,Thursday,7,2016-07-28,False,969.54,0.02024047015689869,High,Excellent
,2016-07-28 23:04:21+00:00,18.77,,0.988,8.52,929.93,2.46,1.044,11.42,28,,46.9,81.0,,28,23,1384,Thursday,7,2016-07-28,False,971.0999999999999,0.02018431494843698,High,Excellent
,2016-07-28 23:05:22+00:00,18.47,,0.991,8.59,927.61,2.44,1.045,11.92,28,,46.9,81.1,,28,23,1385,Thursday,7,2016-07-28,False,969.03,0.019911385172647986,High,Excellent
,2016-07-28 23:06:22+00:00,18.77,,0.992,8.99,929.84,2.44,1.045,11.92,28,,47.3,81.2,,28,23,1386,Thursday,7,2016-07-28,False,971.96,0.020186268605351457,High,Excellent
,2016-07-28 23:07:22+00:00,18.47,,0.989,9.02,930.88,2.46,1.044,11.23,28,,46.9,81.3,,28,23,1387,Thursday,7,2016-07-28,False,972.0600000000001,0.019841440357511172,High,Excellent
,2016-07-28 23:08:21+00:00,18.77,,0.992,9.69,928.67,2.46,1.045,11.12,28,,47.1,81.3,,28,23,1388,Thursday,7,2016-07-28,False,970.71,0.020211700604089722,High,Excellent
,2016-07-28 23:09:22+00:00,18.47,,0.995,9.79,929.55,2.41,1.045,11.12,28,,47.3,81.3,,28,23,1389,Thursday,7,2016-07-28,False,971.3399999999999,0.01986982948738637,High,Excellent
,2016-07-28 23:10:22+00:00,18.37,,0.994,10.02,926.12,2.46,1.046,11.62,28,,47.2,81.4,,28,23,1390,Thursday,7,2016-07-28,False,968.59,0.019835442491253834,High,Excellent
,2016-07-28 23:11:23+00:00,18.87,,0.994,10.12,924.94,2.46,1.047,11.63,28,,47.2,81.4,,28,23,1391,Thursday,7,2016-07-28,False,968.0200000000001,0.020401323329080807,High,Excellent
,2016-07-28 23:12:22+00:00,18.87,,0.992,9.12,928.86,2.46,1.045,11.72,28,,47.2,81.5,,28,23,1392,Thursday,7,2016-07-28,False,971.0300000000001,0.020315225114656676,High,Excellent
,2016-07-28 23:13:22+00:00,18.97,,0.989,9.02,926.99,2.46,1.045,11.42,28,,47.1,81.6,,28,23,1393,Thursday,7,2016-07-28,False,968.86,0.020464082676188523,High,Excellent
,2016-07-28 23:14:21+00:00,18.87,,0.99,9.22,925.33,2.46,1.046,11.82,28,,47.2,81.6,,28,23,1394,Thursday,7,2016-07-28,False,967.7000000000002,0.020392724757654027,High,Excellent
,2016-07-28 23:15:23+00:00,18.87,,0.989,9.09,926.99,2.46,1.046,11.92,28,,47.1,81.6,,28,23,1395,Thursday,7,2016-07-28,False,969.33,0.0203562066473209,High,Excellent
,2016-07-28 23:16:22+00:00,18.57,,0.986,9.22,926.75,2.44,1.045,11.92,28,,47.2,81.6,,28,23,1396,Thursday,7,2016-07-28,False,968.9,0.020037766387914758,High,Excellent
,2016-07-28 23:17:21+00:00,18.47,,0.991,9.32,926.72,2.46,1.045,11.82,28,,47.2,81.6,,28,23,1397,Thursday,7,2016-07-28,False,968.7900000000001,0.01993050759668508,High,Excellent
,2016-07-28 23:18:22+00:00,18.47,,0.991,8.62,926.82,2.46,1.044,11.42,28,,47.1,81.4,,28,23,1398,Thursday,7,2016-07-28,False,967.7900000000001,0.019928357178308622,High,Excellent
,2016-07-28 23:19:23+00:00,18.67,,0.987,8.59,925.62,2.41,1.045,11.62,28,,47.2,81.4,,28,23,1399,Thursday,7,2016-07-28,False,966.91,0.020170264255309957,High,Excellent
,2016-07-28 23:20:23+00:00,18.87,,0.989,8.69,926.78,2.44,1.045,11.62,28,,47.1,81.3,,28,23,1400,Thursday,7,2016-07-28,False,968.4,0.020360819180388012,High,Excellent
,2016-07-28 23:21:22+00:00,18.97,,0.987,8.69,926.9,2.44,1.045,11.62,28,,47.2,81.2,,28,23,1401,Thursday,7,2016-07-28,False,968.62,0.020466069694681194,High,Excellent
,2016-07-28 23:22:21+00:00,19.17,,0.994,9.42,928.71,2.44,1.047,12.42,28,,47.3,81.2,,28,23,1402,Thursday,7,2016-07-28,False,972.1600000000001,0.020641535032464388,High,Excellent
,2016-07-28 23:23:22+00:00,19.17,,0.991,9.52,928.51,2.46,1.047,12.22,28,,46.8,81.2,,28,23,1403,Thursday,7,2016-07-28,False,971.8800000000001,0.020645981195679102,High,Excellent
,2016-07-28 23:24:23+00:00,19.07,,0.992,9.52,925.25,2.44,1.046,11.62,28,,46.6,81.3,,28,23,1404,Thursday,7,2016-07-28,False,967.9000000000001,0.02061064577141313,High,Excellent
,2016-07-28 23:25:23+00:00,19.17,,0.991,9.52,926.59,2.46,1.046,11.62,28,,46.2,81.3,,28,23,1405,Thursday,7,2016-07-28,False,969.3600000000001,0.020688762019879344,High,Excellent
,2016-07-28 23:26:21+00:00,19.07,,0.994,9.02,925.9,2.46,1.046,11.82,28,,45.7,81.2,,28,23,1406,Thursday,7,2016-07-28,False,968.2700000000001,0.0205961766929474,High,Excellent
,2016-07-28 23:27:21+00:00,18.97,,0.993,9.12,929.45,2.44,1.046,11.82,28,,45.5,81.1,,28,23,1407,Thursday,7,2016-07-28,False,971.8000000000002,0.020409919845069662,High,Excellent
,2016-07-28 23:28:20+00:00,18.97,,0.992,9.22,924.92,2.44,1.046,11.72,28,,45.6,81.1,,28,23,1408,Thursday,7,2016-07-28,False,967.27,0.020509881935734983,High,Excellent
,2016-07-28 23:29:22+00:00,18.97,,0.994,9.22,928.74,2.46,1.045,11.12,28,,45.8,81.1,,28,23,1409,Thursday,7,2016-07-28,False,970.5100000000001,0.020425522751254387,High,Excellent
,2016-07-28 23:30:23+00:00,18.67,,0.988,8.49,925.21,2.44,1.044,11.12,28,,46.2,81.1,,28,23,1410,Thursday,7,2016-07-28,False,965.9300000000001,0.020179202559418945,High,Excellent
,2016-07-28 23:31:23+00:00,18.97,,0.988,8.52,926.83,2.44,1.045,11.63,28,,46.1,81.1,,28,23,1411,Thursday,7,2016-07-28,False,968.3900000000001,0.020467615420303613,High,Excellent
,2016-07-28 23:32:21+00:00,18.87,,0.993,8.52,930.26,2.44,1.045,12.23,28,,45.8,81.0,,28,23,1412,Thursday,7,2016-07-28,False,972.32,0.02028465160277772,High,Excellent
,2016-07-28 23:33:21+00:00,18.67,,0.994,8.42,925.29,2.46,1.045,12.22,28,,45.8,81.1,,28,23,1413,Thursday,7,2016-07-28,False,967.0600000000001,0.02017745787807066,High,Excellent
,2016-07-28 23:34:21+00:00,18.47,,0.992,9.19,927.52,2.41,1.045,11.62,28,,45.8,81.2,,28,23,1414,Thursday,7,2016-07-28,False,969.2099999999999,0.019913317233051578,High,Excellent
,2016-07-28 23:35:24+00:00,18.97,,0.991,9.32,928.27,2.41,1.045,11.32,28,,46.1,81.3,,28,23,1415,Thursday,7,2016-07-28,False,970.29,0.02043586456526657,High,Excellent
,2016-07-28 23:36:22+00:00,18.67,,0.991,9.62,929.3,2.44,1.046,11.62,28,,46.0,81.4,,28,23,1416,Thursday,7,2016-07-28,False,971.65,0.020090390616593137,High,Excellent
,2016-07-28 23:37:21+00:00,18.87,,0.993,9.72,927.66,2.46,1.046,11.52,28,,46.0,81.5,,28,23,1417,Thursday,7,2016-07-28,False,970.23,0.020341504430502557,High,Excellent
,2016-07-28 23:38:20+00:00,18.57,,0.994,9.59,926.33,2.41,1.046,12.02,28,,46.2,81.6,,28,23,1418,Thursday,7,2016-07-28,False,968.92,0.02004685155398184,High,Excellent
,2016-07-28 23:39:22+00:00,18.77,,0.992,9.69,927.77,2.44,1.046,11.32,28,,45.8,81.7,,28,23,1419,Thursday,7,2016-07-28,False,969.9900000000001,0.02023130732832491,High,Excellent
,2016-07-28 23:40:22+00:00,18.67,,0.996,9.72,926.63,2.46,1.046,11.32,28,,45.7,81.8,,28,23,1420,Thursday,7,2016-07-28,False,968.8000000000001,0.020148279248459473,High,Excellent
,2016-07-28 23:41:20+00:00,18.77,,0.995,9.69,930.52,2.46,1.045,11.32,28,,45.8,81.9,,28,23,1421,Thursday,7,2016-07-28,False,972.7600000000001,0.020171517001246614,High,Excellent
,2016-07-28 23:42:21+00:00,19.17,,0.994,8.97,930.12,2.44,1.046,11.92,28,,45.8,82.0,,28,23,1422,Thursday,7,2016-07-28,False,972.62,0.02061024383950458,High,Excellent
,2016-07-28 23:43:20+00:00,19.17,,0.992,9.02,930.25,2.46,1.045,11.42,28,,45.7,82.1,,28,23,1423,Thursday,7,2016-07-28,False,972.32,0.02060736361193228,High,Excellent
,2016-07-28 23:44:22+00:00,18.87,,0.993,9.19,928.14,2.44,1.045,11.72,28,,45.8,82.1,,28,23,1424,Thursday,7,2016-07-28,False,970.3600000000001,0.020330984549744652,High,Excellent
,2016-07-28 23:45:22+00:00,18.97,,0.993,9.19,928.75,2.41,1.046,11.72,28,,46.1,82.2,,28,23,1425,Thursday,7,2016-07-28,False,971.04,0.02042530282637954,High,Excellent
,2016-07-28 23:46:22+00:00,18.97,,0.993,9.32,927.91,2.44,1.046,11.52,28,,46.2,82.2,,28,23,1426,Thursday,7,2016-07-28,False,970.16,0.0204437930402733,High,Excellent
,2016-07-28 23:47:20+00:00,18.67,,0.995,9.32,927.78,2.44,1.045,11.52,28,,46.1,82.3,,28,23,1427,Thursday,7,2016-07-28,False,969.73,0.020123305093880016,High,Excellent
,2016-07-28 23:48:21+00:00,18.47,,0.992,8.92,926.37,2.44,1.045,12.12,28,,45.5,82.4,,28,23,1428,Thursday,7,2016-07-28,False,968.32,0.019938037717110873,High,Excellent
,2016-07-28 23:49:24+00:00,18.47,,0.986,8.89,926.51,2.44,1.044,11.32,28,,45.4,82.4,,28,23,1429,Thursday,7,2016-07-28,False,967.6300000000001,0.01993502498623868,High,Excellent
,2016-07-28 23:50:23+00:00,18.67,,0.993,8.79,925.49,2.44,1.045,11.32,28,,45.5,82.3,,28,23,1430,Thursday,7,2016-07-28,False,966.7100000000002,0.020173097494300317,High,Excellent
,2016-07-28 23:51:21+00:00,18.87,,0.992,8.72,925.55,2.46,1.045,11.32,28,,45.5,82.3,,28,23,1431,Thursday,7,2016-07-28,False,966.9200000000001,0.020387877478256173,High,Excellent
,2016-07-28 23:52:21+00:00,18.97,,0.994,9.92,932.24,2.44,1.047,12.02,28,,45.2,82.2,,28,23,1432,Thursday,7,2016-07-28,False,975.59,0.020348837209302324,High,Excellent
,2016-07-28 23:53:20+00:00,19.17,,0.992,9.89,927.6,2.44,1.047,11.72,28,,45.2,82.2,,28,23,1433,Thursday,7,2016-07-28,False,970.8200000000002,0.020666235446313068,High,Excellent
,2016-07-28 23:54:23+00:00,18.57,,0.991,10.39,929.29,2.41,1.046,11.12,28,,45.3,82.1,,28,23,1434,Thursday,7,2016-07-28,False,971.78,0.019982997772492978,High,Excellent
,2016-07-28 23:55:24+00:00,18.77,,0.991,10.39,927.56,2.46,1.046,11.22,28,,45.2,82.0,,28,23,1435,Thursday,7,2016-07-28,False,970.4,0.02023588770537755,High,Excellent
,2016-07-28 23:56:21+00:00,18.67,,0.991,9.09,928.75,2.44,1.045,11.82,28,,45.2,82.0,,28,23,1436,Thursday,7,2016-07-28,False,970.7700000000001,0.020102288021534322,High,Excellent
,2016-07-28 23:57:20+00:00,18.67,,0.992,9.02,927.95,2.46,1.045,11.82,28,,45.3,82.0,,28,23,1437,Thursday,7,2016-07-28,False,969.9200000000002,0.02011961851392855,High,Excellent
,2016-07-28 23:58:21+00:00,18.67,,0.992,9.12,928.28,2.44,1.045,11.82,28,,45.3,82.0,,28,23,1438,Thursday,7,2016-07-28,False,970.33,0.02011246606627311,High,Excellent
,2016-07-28 23:59:22+00:00,18.77,,0.992,9.29,928.83,2.44,1.045,11.62,28,,45.7,81.9,,28,23,1439,Thursday,7,2016-07-28,False,970.95,0.020208218942109966,High,Excellent
,2016-07-29 00:00:22+00:00,18.87,,0.992,9.62,929.05,2.44,1.046,11.62,29,,45.7,81.9,,29,0,0,Friday,7,2016-07-29,False,971.6,0.020311070448307413,High,Excellent
,2016-07-29 00:01:23+00:00,18.77,,0.99,9.64,930.36,2.46,1.045,11.42,29,,45.7,81.9,,29,0,1,Friday,7,2016-07-29,False,972.65,0.020174986026914313,High,Excellent
,2016-07-29 00:02:21+00:00,18.67,,0.991,8.91,926.79,2.46,1.045,11.22,29,,45.6,81.8,,29,0,2,Friday,7,2016-07-29,False,968.0500000000001,0.020144800871826414,High,Excellent
,2016-07-29 00:03:20+00:00,18.87,,0.992,8.94,927.34,2.44,1.045,11.22,29,,45.8,81.8,,29,0,3,Friday,7,2016-07-29,False,968.8100000000002,0.020348523734552593,High,Excellent
,2016-07-29 00:04:21+00:00,18.97,,0.988,9.54,926.66,2.44,1.046,12.02,29,,45.8,81.8,,29,0,4,Friday,7,2016-07-29,False,969.63,0.02047137029762804,High,Excellent
,2016-07-29 00:05:22+00:00,19.17,,0.988,9.51,926.85,2.44,1.046,11.92,29,,45.6,81.7,,29,0,5,Friday,7,2016-07-29,False,969.89,0.020682958407509305,High,Excellent
,2016-07-29 00:06:22+00:00,18.87,,0.988,9.14,927.25,2.44,1.046,12.02,29,,45.4,81.7,,29,0,6,Friday,7,2016-07-29,False,969.72,0.02035049878673497,High,Excellent
,2016-07-29 00:07:21+00:00,18.87,,0.979,9.21,926.47,2.46,1.046,11.72,29,,45.2,81.7,,29,0,7,Friday,7,2016-07-29,False,968.7300000000001,0.020367631979448877,High,Excellent
,2016-07-29 00:08:22+00:00,18.87,,0.978,9.34,927.24,2.44,1.045,11.42,29,,45.3,81.6,,29,0,8,Friday,7,2016-07-29,False,969.3100000000001,0.020350718260644496,High,Excellent
,2016-07-29 00:09:23+00:00,18.97,,0.978,9.24,926.94,2.44,1.045,11.42,29,,45.3,81.5,,29,0,9,Friday,7,2016-07-29,False,969.0100000000001,0.020465186527714844,High,Excellent
,2016-07-29 00:10:23+00:00,18.67,,0.98,9.51,929.19,2.46,1.046,12.02,29,,45.6,81.5,,29,0,10,Friday,7,2016-07-29,False,971.85,0.02009276897082405,High,Excellent
,2016-07-29 00:11:21+00:00,18.97,,0.976,9.54,928.44,2.44,1.046,11.52,29,,46.3,81.5,,29,0,11,Friday,7,2016-07-29,False,970.9100000000001,0.020432122700443752,High,Excellent
,2016-07-29 00:12:22+00:00,18.77,,0.978,9.49,928.25,2.46,1.045,11.12,29,,46.6,81.5,,29,0,12,Friday,7,2016-07-29,False,970.09,0.02022084567734985,High,Excellent
,2016-07-29 00:13:21+00:00,18.97,,0.978,9.51,926.6,2.44,1.046,11.42,29,,46.8,81.4,,29,0,13,Friday,7,2016-07-29,False,968.94,0.02047269587740125,High,Excellent
,2016-07-29 00:14:22+00:00,18.97,,0.981,9.24,929.04,2.44,1.046,12.22,29,,46.7,81.3,,29,0,14,Friday,7,2016-07-29,False,971.9100000000001,0.020418927064496686,High,Excellent
,2016-07-29 00:15:23+00:00,19.17,,0.983,9.16,928.48,2.44,1.046,12.22,29,,46.7,81.3,,29,0,15,Friday,7,2016-07-29,False,971.4700000000001,0.020646648285369638,High,Excellent
,2016-07-29 00:16:22+00:00,19.17,,0.984,8.96,927.93,2.46,1.045,11.12,29,,46.8,81.2,,29,0,16,Friday,7,2016-07-29,False,969.64,0.02065888590734215,High,Excellent
,2016-07-29 00:17:21+00:00,18.97,,0.985,8.96,929.23,2.46,1.045,11.12,29,,46.9,81.1,,29,0,17,Friday,7,2016-07-29,False,970.74,0.020414751998966883,High,Excellent
,2016-07-29 00:18:20+00:00,18.77,,0.99,9.09,929.32,2.46,1.045,11.52,29,,47.2,81.0,,29,0,18,Friday,7,2016-07-29,False,971.1600000000001,0.020197563810097706,High,Excellent
,2016-07-29 00:19:23+00:00,18.77,,0.986,9.16,932.87,2.46,1.044,11.02,29,,47.4,80.8,,29,0,19,Friday,7,2016-07-29,False,974.28,0.020120702777450233,High,Excellent
,2016-07-29 00:20:22+00:00,18.77,,0.982,9.52,930.6,2.46,1.045,11.02,29,,47.3,80.8,,29,0,20,Friday,7,2016-07-29,False,972.37,0.02016978293574038,High,Excellent
,2016-07-29 00:21:22+00:00,18.77,,0.981,9.62,928.55,2.44,1.045,11.02,29,,47.3,80.7,,29,0,21,Friday,7,2016-07-29,False,970.4,0.020214312637983956,High,Excellent
,2016-07-29 00:22:21+00:00,18.67,,0.979,8.79,926.16,2.44,1.045,11.52,29,,47.3,80.6,,29,0,22,Friday,7,2016-07-29,False,967.58,0.020158503930206448,High,Excellent
,2016-07-29 00:23:21+00:00,18.87,,0.979,8.82,927.37,2.44,1.045,11.32,29,,47.4,80.6,,29,0,23,Friday,7,2016-07-29,False,968.8200000000002,0.020347865469014525,High,Excellent
,2016-07-29 00:24:22+00:00,18.67,,0.984,9.22,928.39,2.44,1.046,11.92,29,,47.2,80.6,,29,0,24,Friday,7,2016-07-29,False,970.64,0.02011008304699534,High,Excellent
,2016-07-29 00:25:23+00:00,19.07,,0.986,9.22,929.48,2.44,1.046,11.92,29,,47.2,80.6,,29,0,25,Friday,7,2016-07-29,False,972.13,0.02051684813013728,High,Excellent
,2016-07-29 00:26:22+00:00,19.07,,0.984,9.82,929.8,2.44,1.046,11.12,29,,47.2,80.6,,29,0,26,Friday,7,2016-07-29,False,972.25,0.020509787050978705,High,Excellent
,2016-07-29 00:27:21+00:00,18.97,,0.983,9.92,928.41,2.44,1.046,11.42,29,,46.9,80.6,,29,0,27,Friday,7,2016-07-29,False,971.16,0.020432782929955515,High,Excellent
,2016-07-29 00:28:20+00:00,19.17,,0.985,9.32,928.66,2.46,1.046,11.42,29,,46.6,80.6,,29,0,28,Friday,7,2016-07-29,False,971.03,0.020642646393728602,High,Excellent
,2016-07-29 00:29:23+00:00,18.87,,0.985,9.29,926.27,2.44,1.045,11.32,29,,46.7,80.7,,29,0,29,Friday,7,2016-07-29,False,968.19,0.020372029753743512,High,Excellent
,2016-07-29 00:30:22+00:00,18.57,,0.989,9.22,924.86,2.44,1.045,11.52,29,,46.8,80.7,,29,0,30,Friday,7,2016-07-29,False,966.61,0.020078714616266247,High,Excellent
,2016-07-29 00:31:21+00:00,18.57,,0.983,9.22,924.55,2.44,1.045,11.52,29,,46.6,80.8,,29,0,31,Friday,7,2016-07-29,False,966.3,0.02008544697420367,High,Excellent
,2016-07-29 00:32:20+00:00,19.07,,0.986,9.89,922.75,2.44,1.047,11.52,29,,46.6,80.8,,29,0,32,Friday,7,2016-07-29,False,965.6700000000001,0.020666486047141695,High,Excellent
,2016-07-29 00:33:21+00:00,19.07,,0.984,9.92,921.94,2.44,1.047,11.52,29,,46.7,80.7,,29,0,33,Friday,7,2016-07-29,False,964.8900000000001,0.020684643252272383,High,Excellent
,2016-07-29 00:34:21+00:00,18.87,,0.987,9.59,926.87,2.46,1.045,11.12,29,,46.7,80.6,,29,0,34,Friday,7,2016-07-29,False,968.9100000000001,0.02035884212456979,High,Excellent
,2016-07-29 00:35:24+00:00,18.87,,0.985,9.62,923.99,2.44,1.046,11.52,29,,46.9,80.4,,29,0,35,Friday,7,2016-07-29,False,966.44,0.02042229894262925,High,Excellent
,2016-07-29 00:36:21+00:00,19.07,,0.985,9.02,925.04,2.44,1.046,11.82,29,,47.1,80.2,,29,0,36,Friday,7,2016-07-29,False,967.3900000000001,0.02061532474271383,High,Excellent
,2016-07-29 00:37:21+00:00,19.07,,0.985,9.09,926.61,2.44,1.046,12.02,29,,47.2,80.1,,29,0,37,Friday,7,2016-07-29,False,969.23,0.02058039520402327,High,Excellent
,2016-07-29 00:38:22+00:00,18.67,,0.983,8.89,929.09,2.44,1.045,11.82,29,,47.2,80.0,,29,0,38,Friday,7,2016-07-29,False,970.9100000000002,0.020094931599737378,High,Excellent
,2016-07-29 00:39:23+00:00,18.77,,0.986,8.89,927.57,2.46,1.045,11.82,29,,47.3,79.8,,29,0,39,Friday,7,2016-07-29,False,969.5100000000001,0.02023566954515562,High,Excellent
,2016-07-29 00:40:23+00:00,18.67,,0.986,9.82,928.54,2.44,1.046,11.82,29,,47.2,79.7,,29,0,40,Friday,7,2016-07-29,False,971.2900000000001,0.020106834385163808,High,Excellent
,2016-07-29 00:41:21+00:00,18.67,,0.985,9.79,926.7,2.44,1.046,11.82,29,,47.3,79.6,,29,0,41,Friday,7,2016-07-29,False,969.4200000000002,0.020146757310888098,High,Excellent
,2016-07-29 00:42:21+00:00,18.57,,0.985,9.99,927.35,2.44,1.046,11.72,29,,47.2,79.4,,29,0,42,Friday,7,2016-07-29,False,970.0700000000002,0.0200248018547474,High,Excellent
,2016-07-29 00:43:21+00:00,18.77,,0.981,10.09,926.19,2.46,1.046,11.62,29,,47.2,79.3,,29,0,43,Friday,7,2016-07-29,False,969.1300000000001,0.020265820188082356,High,Excellent
,2016-07-29 00:44:23+00:00,18.67,,0.977,8.99,925.82,2.44,1.045,11.62,29,,47.3,79.2,,29,0,44,Friday,7,2016-07-29,False,967.5400000000001,0.020165906979758483,High,Excellent
,2016-07-29 00:45:23+00:00,18.67,,0.981,9.07,925.9,2.44,1.045,11.92,29,,47.5,79.1,,29,0,45,Friday,7,2016-07-29,False,968.0,0.02016416459660871,High,Excellent
,2016-07-29 00:46:20+00:00,18.47,,0.98,9.39,928.44,2.41,1.045,11.92,29,,47.7,78.9,,29,0,46,Friday,7,2016-07-29,False,970.63,0.019893584938175862,High,Excellent
,2016-07-29 00:47:21+00:00,18.67,,0.98,9.39,928.86,2.46,1.046,11.92,29,,47.8,78.8,,29,0,47,Friday,7,2016-07-29,False,971.3000000000001,0.020099907413388456,High,Excellent
,2016-07-29 00:48:20+00:00,18.57,,0.979,10.52,928.45,2.44,1.046,11.42,29,,47.9,78.6,,29,0,48,Friday,7,2016-07-29,False,971.4000000000001,0.020001077063923744,High,Excellent
,2016-07-29 00:49:27+00:00,18.67,,0.979,10.19,926.53,2.46,1.046,11.42,29,,47.9,78.6,,29,0,49,Friday,7,2016-07-29,False,969.27,0.020150453843912234,High,Excellent
,2016-07-29 00:50:23+00:00,18.67,,0.985,9.49,924.5,2.44,1.047,12.42,29,,48.2,78.5,,29,0,50,Friday,7,2016-07-29,False,967.52,0.020194699837750137,High,Excellent
,2016-07-29 00:51:22+00:00,18.97,,0.983,9.49,926.4,2.46,1.046,11.42,29,,48.3,78.4,,29,0,51,Friday,7,2016-07-29,False,968.74,0.020477115716753022,High,Excellent
,2016-07-29 00:52:21+00:00,18.77,,0.982,9.59,925.86,2.41,1.046,11.42,29,,48.4,78.3,,29,0,52,Friday,7,2016-07-29,False,968.05,0.020273043440692976,High,Excellent
,2016-07-29 00:53:21+00:00,18.97,,0.986,9.49,926.1,2.46,1.046,11.42,29,,48.6,78.2,,29,0,53,Friday,7,2016-07-29,False,968.44,0.020483749055177625,High,Excellent
,2016-07-29 00:54:25+00:00,19.07,,0.983,9.72,926.19,2.44,1.047,11.92,29,,48.7,78.2,,29,0,54,Friday,7,2016-07-29,False,969.34,0.020589727809628693,High,Excellent
,2016-07-29 00:55:21+00:00,19.17,,0.985,9.72,926.53,2.44,1.047,11.82,29,,48.7,78.2,,29,0,55,Friday,7,2016-07-29,False,969.6800000000001,0.020690101777600296,High,Excellent
,2016-07-29 00:56:22+00:00,18.87,,0.986,9.89,927.65,2.46,1.046,11.82,29,,48.9,78.1,,29,0,56,Friday,7,2016-07-29,False,970.69,0.02034172371045114,High,Excellent
,2016-07-29 00:57:22+00:00,19.07,,0.987,9.97,925.88,2.46,1.046,11.52,29,,48.9,78.1,,29,0,57,Friday,7,2016-07-29,False,968.9,0.020596621592430985,High,Excellent
,2016-07-29 00:58:22+00:00,18.97,,0.985,9.04,926.72,2.44,1.045,11.22,29,,49.1,78.0,,29,0,58,Friday,7,2016-07-29,False,968.3900000000001,0.02047004488950276,High,Excellent
,2016-07-29 00:59:24+00:00,19.07,,0.99,9.01,924.62,2.41,1.046,11.82,29,,49.1,78.0,,29,0,59,Friday,7,2016-07-29,False,966.9300000000001,0.020624689061452272,High,Excellent
,2016-07-29 01:00:24+00:00,18.97,,0.99,9.34,924.35,2.44,1.047,12.32,29,,49.2,78.0,,29,1,60,Friday,7,2016-07-29,False,967.4200000000001,0.020522529344945094,High,Excellent
,2016-07-29 01:01:21+00:00,19.07,,0.99,9.34,924.38,2.44,1.047,12.32,29,,49.2,78.0,,29,1,61,Friday,7,2016-07-29,False,967.5500000000001,0.020630043921331054,High,Excellent
,2016-07-29 01:02:21+00:00,19.07,,0.986,9.11,926.42,2.46,1.045,11.12,29,,49.3,77.9,,29,1,62,Friday,7,2016-07-29,False,968.18,0.02058461604887632,High,Excellent
,2016-07-29 01:03:20+00:00,18.97,,0.986,9.04,921.4,2.44,1.045,11.02,29,,49.1,77.8,,29,1,63,Friday,7,2016-07-29,False,962.87,0.020588235294117647,High,Excellent
,2016-07-29 01:04:21+00:00,19.07,,0.988,9.14,923.61,2.44,1.046,11.62,29,,49.2,77.8,,29,1,64,Friday,7,2016-07-29,False,965.8800000000001,0.020647242883901212,High,Excellent
,2016-07-29 01:05:24+00:00,19.07,,0.986,9.14,926.45,2.44,1.046,11.93,29,,49.1,77.7,,29,1,65,Friday,7,2016-07-29,False,969.0300000000001,0.02058394948459172,High,Excellent
,2016-07-29 01:06:22+00:00,19.17,,0.985,9.81,926.18,2.44,1.046,11.62,29,,49.1,77.7,,29,1,66,Friday,7,2016-07-29,False,969.22,0.020697920490617378,High,Excellent
,2016-07-29 01:07:24+00:00,19.07,,0.987,9.94,926.36,2.44,1.046,11.62,29,,49.0,77.6,,29,1,67,Friday,7,2016-07-29,False,969.4300000000001,0.020585949306964894,High,Excellent
,2016-07-29 01:08:21+00:00,19.07,,0.985,9.64,926.55,2.44,1.047,12.22,29,,49.0,77.6,,29,1,68,Friday,7,2016-07-29,False,969.9200000000001,0.020581727915385033,High,Excellent
,2016-07-29 01:09:22+00:00,18.57,,0.988,9.54,924.22,2.44,1.046,11.72,29,,49.0,77.5,,29,1,69,Friday,7,2016-07-29,False,966.4900000000001,0.020092618640583412,High,Excellent
,2016-07-29 01:10:23+00:00,18.47,,0.985,8.84,924.75,2.44,1.045,11.72,29,,49.0,77.5,,29,1,70,Friday,7,2016-07-29,False,966.22,0.019972965666396322,High,Excellent
,2016-07-29 01:11:21+00:00,18.47,,0.983,8.84,924.04,2.44,1.045,11.42,29,,49.0,77.5,,29,1,71,Friday,7,2016-07-29,False,965.2099999999999,0.019988312194277304,High,Excellent
,2016-07-29 01:12:27+00:00,18.77,,0.987,9.02,924.23,2.46,1.045,11.43,29,,49.1,77.5,,29,1,72,Friday,7,2016-07-29,False,965.91,0.02030879759367257,High,Excellent
,2016-07-29 01:13:21+00:00,18.87,,0.981,9.07,925.93,2.44,1.045,11.42,29,,49.2,77.4,,29,1,73,Friday,7,2016-07-29,False,967.73,0.02037951033015455,High,Excellent
,2016-07-29 01:14:23+00:00,19.27,,0.985,9.89,926.12,2.44,1.046,11.42,29,,49.2,77.4,,29,1,74,Friday,7,2016-07-29,False,969.14,0.020807238802746944,High,Excellent
,2016-07-29 01:15:22+00:00,18.97,,0.976,9.87,926.55,2.44,1.046,11.02,29,,49.3,77.3,,29,1,75,Friday,7,2016-07-29,False,968.85,0.02047380065835627,High,Excellent
,2016-07-29 01:16:22+00:00,18.77,,0.975,9.77,923.73,2.44,1.045,10.92,29,,49.3,77.3,,29,1,76,Friday,7,2016-07-29,False,965.63,0.02031979041494809,High,Excellent
,2016-07-29 01:17:23+00:00,18.57,,0.981,9.62,925.32,2.46,1.045,11.42,29,,49.4,77.3,,29,1,77,Friday,7,2016-07-29,False,967.39,0.020068732978861366,High,Excellent
,2016-07-29 01:18:21+00:00,18.47,,0.979,9.39,925.23,2.44,1.046,12.02,29,,49.4,77.2,,29,1,78,Friday,7,2016-07-29,False,967.5500000000001,0.01996260389308604,High,Excellent
,2016-07-29 01:19:23+00:00,18.67,,0.979,9.42,923.48,2.46,1.046,11.62,29,,49.4,77.2,,29,1,79,Friday,7,2016-07-29,False,965.6500000000001,0.020217005241044746,High,Excellent
,2016-07-29 01:20:29+00:00,18.97,,0.987,9.16,922.96,2.44,1.046,11.62,29,,49.5,77.2,,29,1,80,Friday,7,2016-07-29,False,965.1500000000001,0.02055343676865736,High,Excellent
,2016-07-29 01:21:22+00:00,18.97,,0.987,9.09,924.84,2.44,1.046,11.62,29,,49.4,77.2,,29,1,81,Friday,7,2016-07-29,False,966.96,0.020511656070239175,High,Excellent
,2016-07-29 01:22:22+00:00,18.77,,0.984,8.62,922.32,2.44,1.045,11.72,29,,49.4,77.2,,29,1,82,Friday,7,2016-07-29,False,963.8700000000001,0.020350854367247807,High,Excellent
,2016-07-29 01:23:21+00:00,18.67,,0.984,8.62,922.39,2.44,1.045,11.72,29,,49.4,77.2,,29,1,83,Friday,7,2016-07-29,False,963.84,0.020240895933390433,High,Excellent
,2016-07-29 01:24:22+00:00,18.67,,0.986,7.92,921.36,2.44,1.044,11.12,29,,49.7,77.2,,29,1,84,Friday,7,2016-07-29,False,961.5100000000001,0.02026352348701919,High,Excellent
,2016-07-29 01:25:30+00:00,18.87,,0.985,7.92,920.61,2.41,1.044,11.12,29,,49.6,77.2,,29,1,85,Friday,7,2016-07-29,False,960.93,0.02049727897806889,High,Excellent
,2016-07-29 01:26:22+00:00,18.97,,0.989,8.67,917.83,2.46,1.045,11.62,29,,49.6,77.1,,29,1,86,Friday,7,2016-07-29,False,959.5500000000001,0.020668315483259425,High,Excellent
,2016-07-29 01:27:27+00:00,18.87,,0.988,8.72,921.92,2.41,1.045,11.12,29,,49.6,77.1,,29,1,87,Friday,7,2016-07-29,False,963.04,0.020468153418951755,High,Excellent
,2016-07-29 01:28:22+00:00,18.87,,0.986,9.12,920.88,2.44,1.045,11.12,29,,49.6,77.0,,29,1,88,Friday,7,2016-07-29,False,962.4300000000001,0.020491269220745376,High,Excellent
,2016-07-29 01:29:23+00:00,18.87,,0.986,9.12,918.54,2.46,1.045,11.12,29,,49.6,77.0,,29,1,89,Friday,7,2016-07-29,False,960.11,0.020543471160755115,High,Excellent
,2016-07-29 01:30:22+00:00,18.97,,0.986,9.79,922.75,2.41,1.046,11.12,29,,49.6,76.9,,29,1,90,Friday,7,2016-07-29,False,965.04,0.020558114332159306,High,Excellent
,2016-07-29 01:31:21+00:00,19.17,,0.988,9.79,924.2,2.44,1.046,11.12,29,,49.6,76.9,,29,1,91,Friday,7,2016-07-29,False,966.7200000000001,0.02074226357931184,High,Excellent
,2016-07-29 01:32:21+00:00,18.97,,0.99,10.12,921.17,2.44,1.047,11.52,29,,49.6,76.9,,29,1,92,Friday,7,2016-07-29,False,964.22,0.020593375815538936,High,Excellent
,2016-07-29 01:33:21+00:00,18.97,,0.985,10.09,920.17,2.44,1.047,11.92,29,,49.7,76.8,,29,1,93,Friday,7,2016-07-29,False,963.5899999999999,0.020615755784257256,High,Excellent
,2016-07-29 01:34:22+00:00,18.57,,0.982,9.37,918.35,2.44,1.046,11.92,29,,49.7,76.7,,29,1,94,Friday,7,2016-07-29,False,960.65,0.020221048619807263,High,Excellent
,2016-07-29 01:35:30+00:00,18.47,,0.979,9.52,919.17,2.46,1.045,11.02,29,,49.7,76.6,,29,1,95,Friday,7,2016-07-29,False,960.64,0.020094215433488907,High,Excellent
,2016-07-29 01:36:22+00:00,18.27,,0.98,9.42,918.68,2.44,1.045,11.03,29,,49.7,76.6,,29,1,96,Friday,7,2016-07-29,False,959.8399999999999,0.019887229503200245,High,Excellent
,2016-07-29 01:37:21+00:00,18.27,,0.98,9.26,919.9,2.46,1.045,11.72,29,,49.8,76.5,,29,1,97,Friday,7,2016-07-29,False,961.61,0.019860854440700078,High,Excellent
,2016-07-29 01:38:21+00:00,18.07,,0.979,9.06,920.71,2.44,1.045,11.72,29,,50.1,76.5,,29,1,98,Friday,7,2016-07-29,False,962.0000000000001,0.019626158073660544,High,Excellent
,2016-07-29 01:39:22+00:00,17.87,,0.983,9.09,919.58,2.46,1.045,11.72,29,,50.1,76.5,,29,1,99,Friday,7,2016-07-29,False,960.7200000000001,0.019432784532068988,High,Excellent
,2016-07-29 01:40:22+00:00,17.87,,0.981,8.56,921.57,2.41,1.044,11.92,29,,50.4,76.4,,29,1,100,Friday,7,2016-07-29,False,962.3299999999999,0.019390822183881853,High,Excellent
,2016-07-29 01:41:21+00:00,17.87,,0.983,8.66,920.75,2.46,1.045,12.02,29,,50.8,76.3,,29,1,101,Friday,7,2016-07-29,False,961.76,0.019408091229975565,High,Excellent
,2016-07-29 01:42:22+00:00,17.07,,0.98,9.86,919.73,2.44,1.045,12.02,29,,51.4,76.1,,29,1,102,Friday,7,2016-07-29,False,961.12,0.018559794722364173,High,Excellent
,2016-07-29 01:43:22+00:00,17.17,,0.98,9.79,917.68,2.46,1.045,11.92,29,,51.4,76.1,,29,1,103,Friday,7,2016-07-29,False,959.02,0.01871022578676663,High,Excellent
,2016-07-29 01:44:22+00:00,16.97,,0.98,9.89,924.0,2.44,1.044,11.52,29,,52.6,75.8,,29,1,104,Friday,7,2016-07-29,False,964.82,0.018365800865800863,High,Excellent
,2016-07-29 01:45:22+00:00,16.57,,0.983,9.96,921.7,2.44,1.044,11.52,29,,52.5,75.7,,29,1,105,Friday,7,2016-07-29,False,962.19,0.01797764999457524,High,Excellent
,2016-07-29 01:46:21+00:00,16.37,,0.982,9.96,920.89,2.44,1.044,11.32,29,,52.9,75.5,,29,1,106,Friday,7,2016-07-29,False,960.9800000000001,0.017776281640586825,High,Excellent
,2016-07-29 01:47:21+00:00,16.87,,0.987,9.89,921.16,2.44,1.044,11.32,29,,53.1,75.3,,29,1,107,Friday,7,2016-07-29,False,961.6800000000001,0.01831386512657953,High,Excellent
,2016-07-29 01:48:22+00:00,17.07,,0.987,9.09,918.77,2.44,1.043,11.33,29,,53.4,75.2,,29,1,108,Friday,7,2016-07-29,False,958.7,0.01857918739183909,High,Excellent
,2016-07-29 01:49:23+00:00,17.17,,0.987,9.12,920.96,2.46,1.044,11.62,29,,53.5,75.1,,29,1,109,Friday,7,2016-07-29,False,961.33,0.018643589298123698,High,Excellent
,2016-07-29 01:50:25+00:00,17.17,,0.988,9.22,920.18,2.44,1.044,11.82,29,,53.8,74.9,,29,1,110,Friday,7,2016-07-29,False,960.83,0.018659392727509837,High,Excellent
,2016-07-29 01:51:21+00:00,17.17,,0.988,9.19,918.98,2.41,1.045,12.22,29,,54.2,74.8,,29,1,111,Friday,7,2016-07-29,False,959.97,0.018683758079610004,High,Excellent
,2016-07-29 01:52:21+00:00,17.27,,0.988,9.49,920.1,2.44,1.045,12.12,29,,54.4,74.6,,29,1,112,Friday,7,2016-07-29,False,961.4200000000001,0.018769698945766765,High,Excellent
,2016-07-29 01:53:21+00:00,17.57,,0.989,9.56,922.46,2.44,1.045,12.12,29,,54.5,74.5,,29,1,113,Friday,7,2016-07-29,False,964.1500000000001,0.01904689634238883,High,Excellent
,2016-07-29 01:54:23+00:00,17.57,,0.983,8.46,918.9,2.44,1.044,11.82,29,,54.7,74.4,,29,1,114,Friday,7,2016-07-29,False,959.19,0.019120687778866035,High,Excellent
,2016-07-29 01:55:23+00:00,17.47,,0.981,8.49,921.86,2.44,1.044,12.12,29,,54.9,74.3,,29,1,115,Friday,7,2016-07-29,False,962.3800000000001,0.018950816826850063,High,Excellent
,2016-07-29 01:56:22+00:00,17.27,,0.982,8.09,921.89,2.46,1.043,12.12,29,,54.9,74.1,,29,1,116,Friday,7,2016-07-29,False,961.83,0.01873325450975713,High,Excellent
,2016-07-29 01:57:21+00:00,17.27,,0.983,8.06,921.54,2.46,1.043,12.12,29,,55.0,73.9,,29,1,117,Friday,7,2016-07-29,False,961.45,0.018740369381687175,High,Excellent
,2016-07-29 01:58:22+00:00,17.37,,0.984,8.29,922.9,2.44,1.043,11.62,29,,55.4,73.9,,29,1,118,Friday,7,2016-07-29,False,962.62,0.018821107378914292,High,Excellent
,2016-07-29 01:59:21+00:00,17.37,,0.986,8.16,922.36,2.44,1.043,11.62,29,,55.4,73.7,,29,1,119,Friday,7,2016-07-29,False,961.95,0.01883212628474782,High,Excellent
,2016-07-29 02:00:24+00:00,17.57,,0.984,8.76,918.48,2.44,1.044,11.72,29,,55.6,73.6,,29,2,120,Friday,7,2016-07-29,False,958.9700000000001,0.019129431234213047,High,Excellent
,2016-07-29 02:01:22+00:00,17.37,,0.985,8.79,918.83,2.44,1.044,11.72,29,,55.8,73.5,,29,2,121,Friday,7,2016-07-29,False,959.1500000000001,0.018904476344916904,High,Excellent
,2016-07-29 02:02:22+00:00,17.17,,0.985,9.49,919.04,2.44,1.044,11.72,29,,55.9,73.5,,29,2,122,Friday,7,2016-07-29,False,959.86,0.018682538300835657,High,Excellent
,2016-07-29 02:03:21+00:00,17.27,,0.986,9.56,920.75,2.44,1.045,11.72,29,,55.9,73.5,,29,2,123,Friday,7,2016-07-29,False,961.7400000000001,0.01875644854737985,High,Excellent
,2016-07-29 02:04:22+00:00,17.27,,0.983,10.12,921.1,2.44,1.045,11.72,29,,56.3,73.3,,29,2,124,Friday,7,2016-07-29,False,962.6500000000001,0.018749321463467594,High,Excellent
,2016-07-29 02:05:21+00:00,16.97,,0.983,10.22,919.15,2.44,1.045,11.82,29,,56.3,73.3,,29,2,125,Friday,7,2016-07-29,False,960.6,0.018462710112604034,High,Excellent
,2016-07-29 02:06:21+00:00,16.47,,0.979,9.92,920.35,2.44,1.044,11.82,29,,56.5,73.2,,29,2,126,Friday,7,2016-07-29,False,961.0000000000001,0.017895365893410113,High,Excellent
,2016-07-29 02:07:22+00:00,16.67,,0.982,9.82,919.61,2.44,1.044,11.82,29,,56.6,73.1,,29,2,127,Friday,7,2016-07-29,False,960.3600000000001,0.018127249594936987,High,Excellent
,2016-07-29 02:08:29+00:00,16.67,,0.978,9.72,922.83,2.44,1.044,11.92,29,,56.7,73.1,,29,2,128,Friday,7,2016-07-29,False,963.58,0.018063998786342014,High,Excellent
,2016-07-29 02:09:22+00:00,16.77,,0.978,9.72,922.65,2.44,1.044,11.52,29,,56.7,73.1,,29,2,129,Friday,7,2016-07-29,False,963.1,0.018175906356689968,High,Excellent
,2016-07-29 02:10:30+00:00,16.27,,0.979,9.12,926.32,2.46,1.043,11.72,29,,57.4,72.9,,29,2,130,Friday,7,2016-07-29,False,965.8900000000001,0.017564124708524052,High,Excellent
,2016-07-29 02:11:22+00:00,15.97,,0.981,9.22,927.26,2.44,1.042,11.72,29,,57.1,72.9,,29,2,131,Friday,7,2016-07-29,False,966.6100000000001,0.01722278541078015,High,Excellent
,2016-07-29 02:12:23+00:00,15.77,,0.979,9.59,927.89,2.46,1.041,10.63,29,,57.2,72.9,,29,2,132,Friday,7,2016-07-29,False,966.34,0.016995549041373438,High,Excellent
,2016-07-29 02:13:24+00:00,15.67,,0.982,9.52,928.39,2.44,1.042,11.02,29,,57.4,72.8,,29,2,133,Friday,7,2016-07-29,False,967.04,0.01687868245026336,High,Excellent
,2016-07-29 02:14:21+00:00,15.67,,0.984,9.62,929.16,2.44,1.042,11.32,29,,57.3,72.8,,29,2,134,Friday,7,2016-07-29,False,968.21,0.016864694993327305,High,Excellent
,2016-07-29 02:15:21+00:00,15.57,,0.983,9.72,923.97,2.44,1.042,11.32,29,,57.4,72.7,,29,2,135,Friday,7,2016-07-29,False,963.0200000000001,0.016851196467417773,High,Excellent
,2016-07-29 02:16:21+00:00,15.57,,0.979,8.59,920.88,2.44,1.042,11.82,29,,57.6,72.7,,29,2,136,Friday,7,2016-07-29,False,959.3000000000001,0.01690774042220485,High,Excellent
,2016-07-29 02:17:23+00:00,15.37,,0.979,8.59,923.42,2.44,1.041,11.62,29,,57.8,72.6,,29,2,137,Friday,7,2016-07-29,False,961.44,0.01664464707283793,High,Excellent
,2016-07-29 02:18:21+00:00,14.87,,0.98,9.59,925.49,2.44,1.042,11.62,29,,57.8,72.6,,29,2,138,Friday,7,2016-07-29,False,964.0100000000001,0.01606716442100941,High,Excellent
,2016-07-29 02:19:23+00:00,14.67,,0.984,9.62,922.85,2.46,1.042,11.62,29,,57.8,72.6,,29,2,139,Friday,7,2016-07-29,False,961.22,0.015896407866933953,High,Excellent
,2016-07-29 02:20:23+00:00,14.57,,0.983,9.69,924.5,2.44,1.042,12.02,29,,58.0,72.5,,29,2,140,Friday,7,2016-07-29,False,963.22,0.01575987020010817,High,Excellent
,2016-07-29 02:21:21+00:00,14.57,,0.983,9.74,925.86,2.46,1.041,11.02,29,,58.0,72.5,,29,2,141,Friday,7,2016-07-29,False,963.6500000000001,0.01573672045449636,High,Excellent
,2016-07-29 02:22:22+00:00,14.77,,0.985,10.32,925.58,2.44,1.042,11.02,29,,58.1,72.5,,29,2,142,Friday,7,2016-07-29,False,964.1300000000001,0.015957561745067957,High,Excellent
,2016-07-29 02:23:21+00:00,14.77,,0.987,10.32,925.14,2.46,1.042,11.02,29,,58.2,72.5,,29,2,143,Friday,7,2016-07-29,False,963.71,0.015965151220355838,High,Excellent
,2016-07-29 02:24:22+00:00,14.47,,0.982,10.04,927.73,2.44,1.042,11.62,29,,58.4,72.4,,29,2,144,Friday,7,2016-07-29,False,966.3000000000001,0.015597210395265864,High,Excellent
,2016-07-29 02:25:23+00:00,14.57,,0.983,10.02,928.5,2.44,1.042,11.62,29,,58.5,72.3,,29,2,145,Friday,7,2016-07-29,False,967.1500000000001,0.015691976305869684,High,Excellent
,2016-07-29 02:26:23+00:00,14.37,,0.98,9.89,927.9,2.44,1.041,11.72,29,,58.4,72.3,,29,2,146,Friday,7,2016-07-29,False,966.32,0.015486582605884255,High,Excellent
,2016-07-29 02:27:28+00:00,13.97,,0.978,9.92,926.6,2.44,1.041,11.52,29,,58.4,72.3,,29,2,147,Friday,7,2016-07-29,False,964.45,0.01507662421756961,High,Excellent
,2016-07-29 02:28:22+00:00,13.87,,0.972,10.77,925.94,2.44,1.042,11.72,29,,58.5,72.2,,29,2,148,Friday,7,2016-07-29,False,964.7400000000001,0.014979372313540832,High,Excellent
,2016-07-29 02:29:22+00:00,13.77,,0.973,10.82,925.63,2.46,1.042,12.12,29,,58.5,72.1,,29,2,149,Friday,7,2016-07-29,False,964.8000000000001,0.014876354482892732,High,Excellent
,2016-07-29 02:30:23+00:00,13.57,,0.972,10.02,925.51,2.44,1.041,12.12,29,,58.7,72.0,,29,2,150,Friday,7,2016-07-29,False,963.6600000000001,0.014662186254065327,High,Excellent
,2016-07-29 02:31:22+00:00,13.47,,0.972,10.02,926.65,2.44,1.041,12.12,29,,58.7,72.0,,29,2,151,Friday,7,2016-07-29,False,964.7,0.014536232666055146,High,Excellent
,2016-07-29 02:32:21+00:00,13.37,,0.973,9.22,924.72,2.44,1.04,11.62,29,,58.5,71.9,,29,2,152,Friday,7,2016-07-29,False,961.3700000000001,0.014458430660091701,High,Excellent
,2016-07-29 02:33:20+00:00,13.07,,0.976,9.29,923.31,2.44,1.039,11.62,29,,58.5,71.8,,29,2,153,Friday,7,2016-07-29,False,959.73,0.01415559237959082,High,Excellent
,2016-07-29 02:34:23+00:00,12.47,,0.974,9.72,922.4,2.46,1.039,11.72,29,,58.8,71.8,,29,2,154,Friday,7,2016-07-29,False,958.7700000000001,0.013519080659150045,High,Excellent
,2016-07-29 02:35:22+00:00,12.37,,0.971,9.69,921.99,2.44,1.039,11.72,29,,58.8,71.8,,29,2,155,Friday,7,2016-07-29,False,958.21,0.013416631416826646,High,Excellent
,2016-07-29 02:36:21+00:00,12.37,,0.974,10.79,921.78,2.41,1.04,11.12,29,,59.0,71.7,,29,2,156,Friday,7,2016-07-29,False,958.4699999999999,0.01341968799496626,High,Excellent
,2016-07-29 02:37:22+00:00,12.57,,0.975,10.74,919.29,2.46,1.04,11.12,29,,59.0,71.7,,29,2,157,Friday,7,2016-07-29,False,956.18,0.013673595927291716,Medium,Excellent
,2016-07-29 02:38:22+00:00,12.37,,0.979,9.82,921.07,2.46,1.039,11.02,29,,59.0,71.7,,29,2,158,Friday,7,2016-07-29,False,956.74,0.013430032462244995,Medium,Excellent
,2016-07-29 02:39:19+00:00,12.47,,0.979,9.69,921.36,2.41,1.039,11.03,29,,59.0,71.7,,29,2,159,Friday,7,2016-07-29,False,956.9599999999999,0.0135343405400712,High,Excellent
,2016-07-29 02:40:21+00:00,12.07,,0.978,9.32,920.24,2.44,1.039,11.63,29,,59.1,71.7,,29,2,160,Friday,7,2016-07-29,False,955.7,0.013116143614709206,Medium,Excellent
,2016-07-29 02:41:23+00:00,11.97,,0.979,9.29,918.69,2.44,1.038,11.62,29,,59.1,71.7,,29,2,161,Friday,7,2016-07-29,False,954.0100000000001,0.013029422329621527,Medium,Excellent
,2016-07-29 02:42:21+00:00,12.07,,0.977,9.82,917.6,2.48,1.039,11.62,29,,59.1,71.6,,29,2,162,Friday,7,2016-07-29,False,953.59,0.013153879686137751,Medium,Excellent
,2016-07-29 02:43:21+00:00,12.17,,0.98,9.96,921.51,2.46,1.039,11.52,29,,59.2,71.5,,29,2,163,Friday,7,2016-07-29,False,957.62,0.013206584844440103,High,Excellent
,2016-07-29 02:44:20+00:00,12.17,,0.98,10.06,922.45,2.46,1.04,11.82,29,,59.2,71.5,,29,2,164,Friday,7,2016-07-29,False,958.9600000000002,0.013193126998753319,High,Excellent
,2016-07-29 02:45:23+00:00,11.97,,0.978,10.14,918.47,2.44,1.04,11.82,29,,59.2,71.5,,29,2,165,Friday,7,2016-07-29,False,954.8400000000001,0.01303254325127658,Medium,Excellent
,2016-07-29 02:46:23+00:00,11.87,,0.979,9.82,920.89,2.46,1.038,11.22,29,,59.3,71.5,,29,2,166,Friday,7,2016-07-29,False,956.26,0.01288970452497041,Medium,Excellent
,2016-07-29 02:47:21+00:00,11.57,,0.975,9.82,919.77,2.46,1.038,11.22,29,,59.5,71.5,,29,2,167,Friday,7,2016-07-29,False,954.84,0.012579231764462856,Medium,Excellent
,2016-07-29 02:48:21+00:00,11.97,,0.969,9.92,920.9,2.44,1.039,11.42,29,,59.6,71.5,,29,2,168,Friday,7,2016-07-29,False,956.65,0.012998153979802368,Medium,Excellent
,2016-07-29 02:49:22+00:00,11.97,,0.969,10.01,921.01,2.41,1.039,11.42,29,,59.6,71.4,,29,2,169,Friday,7,2016-07-29,False,956.8199999999999,0.012996601556986353,High,Excellent
,2016-07-29 02:50:24+00:00,11.57,,0.969,9.91,918.0,2.44,1.039,11.72,29,,59.6,71.4,,29,2,170,Friday,7,2016-07-29,False,953.6400000000001,0.012603485838779956,Medium,Excellent
,2016-07-29 02:51:21+00:00,11.57,,0.967,10.32,918.6,2.44,1.038,11.02,29,,60.2,71.2,,29,2,171,Friday,7,2016-07-29,False,953.95,0.012595253646853908,Medium,Excellent
,2016-07-29 02:52:22+00:00,11.87,,0.967,9.71,915.89,2.41,1.038,11.02,29,,60.6,71.1,,29,2,172,Friday,7,2016-07-29,False,950.9,0.012960071624321697,Medium,Excellent
,2016-07-29 02:53:20+00:00,11.67,,0.969,9.84,913.86,2.46,1.038,11.02,29,,60.4,70.9,,29,2,173,Friday,7,2016-07-29,False,948.85,0.012770008535224213,Medium,Excellent
,2016-07-29 02:54:22+00:00,11.67,,0.975,9.14,914.39,2.44,1.038,11.83,29,,60.4,70.7,,29,2,174,Friday,7,2016-07-29,False,949.4700000000001,0.012762606765165848,Medium,Excellent
,2016-07-29 02:55:23+00:00,11.77,,0.97,9.11,912.57,2.44,1.038,11.32,29,,61.1,70.5,,29,2,175,Friday,7,2016-07-29,False,947.2100000000002,0.012897640728930381,Medium,Excellent
,2016-07-29 02:56:28+00:00,12.17,,0.972,8.26,917.16,2.46,1.037,11.12,29,,62.1,70.3,,29,2,176,Friday,7,2016-07-29,False,951.17,0.01326922238213616,Medium,Excellent
,2016-07-29 02:57:22+00:00,12.27,,0.973,8.21,918.01,2.41,1.037,11.12,29,,62.1,70.0,,29,2,177,Friday,7,2016-07-29,False,952.02,0.01336586747421052,Medium,Excellent
,2016-07-29 02:58:22+00:00,12.37,,0.973,9.19,917.38,2.41,1.038,11.32,29,,62.4,69.7,,29,2,178,Friday,7,2016-07-29,False,952.67,0.013484052410124485,Medium,Excellent
,2016-07-29 02:59:23+00:00,12.57,,0.973,9.26,914.74,2.44,1.039,11.82,29,,63.4,69.3,,29,2,179,Friday,7,2016-07-29,False,950.8300000000002,0.013741609637711262,Medium,Excellent
,2016-07-29 03:00:23+00:00,13.17,,0.979,9.91,915.9,2.46,1.041,11.82,29,,64.4,68.7,,29,3,180,Friday,7,2016-07-29,False,953.2600000000001,0.014379299050114642,Medium,Excellent
,2016-07-29 03:01:23+00:00,13.47,,0.981,9.84,916.25,2.46,1.041,11.82,29,,64.1,68.0,,29,3,181,Friday,7,2016-07-29,False,953.84,0.014701227830832197,Medium,Excellent
,2016-07-29 03:02:22+00:00,13.67,,0.98,9.94,916.36,2.44,1.041,11.62,29,,64.8,67.4,,29,3,182,Friday,7,2016-07-29,False,954.0300000000001,0.014917717927452093,Medium,Excellent
,2016-07-29 03:03:22+00:00,13.67,,0.98,10.04,915.06,2.46,1.041,11.62,29,,64.8,67.4,,29,3,183,Friday,7,2016-07-29,False,952.85,0.014938911109654012,Medium,Excellent
,2016-07-29 03:04:23+00:00,13.67,,0.98,9.97,915.94,2.46,1.041,11.62,29,,65.3,66.8,,29,3,184,Friday,7,2016-07-29,False,953.6600000000001,0.014924558377186278,Medium,Excellent
,2016-07-29 03:05:25+00:00,13.87,,0.976,9.17,917.76,2.44,1.04,11.12,29,,66.4,65.5,,29,3,185,Friday,7,2016-07-29,False,954.36,0.015112883542538353,Medium,Excellent
,2016-07-29 03:06:21+00:00,14.27,,0.98,10.64,914.07,2.46,1.043,11.72,29,,67.5,65.0,,29,3,186,Friday,7,2016-07-29,False,953.1600000000001,0.015611495837299112,Medium,Excellent
,2016-07-29 03:07:24+00:00,14.27,,0.98,10.61,914.9,2.44,1.043,11.72,29,,67.5,65.0,,29,3,187,Friday,7,2016-07-29,False,953.94,0.0155973330418625,Medium,Excellent
,2016-07-29 03:08:22+00:00,13.97,,0.985,11.09,916.8,2.46,1.042,11.32,29,,68.9,64.3,,29,3,188,Friday,7,2016-07-29,False,955.64,0.015237783595113439,Medium,Excellent
,2016-07-29 03:09:23+00:00,13.97,,0.983,10.94,914.43,2.44,1.042,11.32,29,,70.3,63.9,,29,3,189,Friday,7,2016-07-29,False,953.1,0.015277276554793698,Medium,Excellent
,2016-07-29 03:10:22+00:00,13.97,,0.984,11.07,914.52,2.44,1.043,11.92,29,,70.3,63.9,,29,3,190,Friday,7,2016-07-29,False,953.92,0.015275773083147445,Medium,Excellent
,2016-07-29 03:11:21+00:00,13.77,,0.98,9.99,913.81,2.46,1.042,11.92,29,,72.8,63.2,,29,3,191,Friday,7,2016-07-29,False,951.9499999999999,0.015068777973539357,Medium,Excellent
,2016-07-29 03:12:21+00:00,13.57,,0.977,9.04,912.38,2.41,1.04,11.63,29,,73.4,63.1,,29,3,192,Friday,7,2016-07-29,False,949.03,0.014873188802911068,Medium,Excellent
,2016-07-29 03:13:22+00:00,13.57,,0.975,9.04,913.26,2.41,1.04,11.43,29,,74.3,63.2,,29,3,193,Friday,7,2016-07-29,False,949.7099999999999,0.014858857280511574,Medium,Excellent
,2016-07-29 03:14:23+00:00,13.77,,0.977,9.39,912.29,2.44,1.041,11.43,29,,74.8,63.2,,29,3,194,Friday,7,2016-07-29,False,949.3199999999999,0.015093884620022141,Medium,Excellent
,2016-07-29 03:15:23+00:00,13.77,,0.981,9.54,912.5,2.46,1.041,11.82,29,,75.1,63.3,,29,3,195,Friday,7,2016-07-29,False,950.09,0.01509041095890411,Medium,Excellent
,2016-07-29 03:16:22+00:00,14.07,,0.981,10.24,912.12,2.44,1.042,11.82,29,,75.1,62.9,,29,3,196,Friday,7,2016-07-29,False,950.6900000000002,0.015425601894487568,Medium,Excellent
,2016-07-29 03:17:21+00:00,14.27,,0.974,10.21,913.14,2.44,1.042,11.52,29,,76.4,62.2,,29,3,197,Friday,7,2016-07-29,False,951.58,0.015627395580086294,Medium,Excellent
,2016-07-29 03:18:21+00:00,14.47,,0.979,9.14,913.61,2.44,1.041,11.52,29,,77.2,62.1,,29,3,198,Friday,7,2016-07-29,False,951.1800000000001,0.01583826796992152,Medium,Excellent
,2016-07-29 03:19:23+00:00,14.47,,0.979,9.14,912.61,2.44,1.041,11.52,29,,77.2,62.1,,29,3,199,Friday,7,2016-07-29,False,950.1800000000001,0.015855622883816745,Medium,Excellent
,2016-07-29 03:20:24+00:00,14.77,,0.974,9.14,913.35,2.46,1.041,10.92,29,,77.9,62.2,,29,3,200,Friday,7,2016-07-29,False,950.64,0.016171237751135926,Medium,Excellent
,2016-07-29 03:21:22+00:00,14.97,,0.972,9.36,913.02,2.46,1.041,11.02,29,,79.7,62.6,,29,3,201,Friday,7,2016-07-29,False,950.83,0.016396135900637446,Medium,Excellent
,2016-07-29 03:22:21+00:00,15.27,,0.973,9.21,912.23,2.44,1.042,11.42,29,,79.7,62.6,,29,3,202,Friday,7,2016-07-29,False,950.57,0.016739199543974653,Medium,Excellent
,2016-07-29 03:23:21+00:00,15.37,,0.981,8.84,913.84,2.44,1.042,11.42,29,,80.1,62.7,,29,3,203,Friday,7,2016-07-29,False,951.9100000000001,0.016819136829204235,Medium,Excellent
,2016-07-29 03:24:22+00:00,15.37,,0.978,9.01,914.02,2.44,1.042,11.12,29,,80.0,62.8,,29,3,204,Friday,7,2016-07-29,False,951.96,0.01681582459902409,Medium,Excellent
,2016-07-29 03:25:23+00:00,15.57,,0.983,9.06,913.84,2.44,1.042,11.12,29,,80.7,62.9,,29,3,205,Friday,7,2016-07-29,False,952.0300000000001,0.017037993521841897,Medium,Excellent
,2016-07-29 03:26:22+00:00,15.47,,0.986,10.01,914.51,2.44,1.043,11.32,29,,81.4,63.1,,29,3,206,Friday,7,2016-07-29,False,953.7500000000001,0.016916162753824453,Medium,Excellent
,2016-07-29 03:27:20+00:00,15.47,,0.983,9.94,914.57,2.46,1.043,11.32,29,,81.1,63.1,,29,3,207,Friday,7,2016-07-29,False,953.7600000000001,0.016915052975715363,Medium,Excellent
,2016-07-29 03:28:22+00:00,15.17,,0.983,9.91,914.23,2.41,1.042,11.32,29,,81.1,63.1,,29,3,208,Friday,7,2016-07-29,False,953.0400000000001,0.016593198648042616,Medium,Excellent
,2016-07-29 03:29:22+00:00,14.67,,0.981,10.04,914.43,2.44,1.042,11.62,29,,81.5,63.1,,29,3,209,Friday,7,2016-07-29,False,953.2,0.016042780748663103,Medium,Excellent
,2016-07-29 03:30:22+00:00,14.87,,0.979,11.04,914.48,2.44,1.044,12.12,29,,82.1,63.2,,29,3,210,Friday,7,2016-07-29,False,954.95,0.01626060712098679,Medium,Excellent
,2016-07-29 03:31:22+00:00,14.87,,0.984,11.01,914.07,2.44,1.044,12.12,29,,81.7,63.2,,29,3,211,Friday,7,2016-07-29,False,954.5100000000001,0.01626790070782325,Medium,Excellent
,2016-07-29 03:32:22+00:00,14.47,,0.983,11.01,913.96,2.44,1.043,11.62,29,,81.7,63.2,,29,3,212,Friday,7,2016-07-29,False,953.5000000000001,0.01583220272221979,Medium,Excellent
,2016-07-29 03:33:20+00:00,14.27,,0.976,10.84,909.39,2.44,1.043,11.42,29,,82.0,63.0,,29,3,213,Friday,7,2016-07-29,False,948.36,0.01569183738550017,Medium,Excellent
,2016-07-29 03:34:23+00:00,13.77,,0.976,10.84,910.44,2.46,1.042,11.42,29,,82.0,63.0,,29,3,214,Friday,7,2016-07-29,False,948.9300000000001,0.015124555160142347,Medium,Excellent
,2016-07-29 03:35:22+00:00,13.47,,0.977,9.61,913.83,2.44,1.04,11.32,29,,82.8,63.0,,29,3,215,Friday,7,2016-07-29,False,950.6700000000002,0.014740159548274843,Medium,Excellent
,2016-07-29 03:36:23+00:00,13.07,,0.974,10.11,915.09,2.44,1.04,11.33,29,,83.3,63.0,,29,3,216,Friday,7,2016-07-29,False,952.0400000000001,0.014282748144991203,Medium,Excellent
,2016-07-29 03:37:22+00:00,13.07,,0.975,10.14,912.42,2.46,1.041,11.32,29,,83.3,63.1,,29,3,217,Friday,7,2016-07-29,False,949.4100000000001,0.014324543521623814,Medium,Excellent
,2016-07-29 03:38:20+00:00,12.87,,0.975,10.26,909.77,2.46,1.041,11.52,29,,83.3,63.1,,29,3,218,Friday,7,2016-07-29,False,946.88,0.014146432614836717,Medium,Excellent
,2016-07-29 03:39:23+00:00,12.57,,0.971,10.06,913.2,2.46,1.04,11.62,29,,82.7,63.1,,29,3,219,Friday,7,2016-07-29,False,949.9100000000001,0.013764783180026281,Medium,Excellent
,2016-07-29 03:40:23+00:00,11.77,,0.969,10.14,911.81,2.46,1.039,11.62,29,,82.2,63.1,,29,3,220,Friday,7,2016-07-29,False,947.8,0.01290839100251149,Medium,Excellent
,2016-07-29 03:41:22+00:00,11.27,,0.97,10.61,911.05,2.44,1.04,12.12,29,,82.1,63.1,,29,3,221,Friday,7,2016-07-29,False,947.49,0.012370341913177103,Medium,Excellent
,2016-07-29 03:42:22+00:00,10.97,,0.959,10.44,910.94,2.46,1.04,12.12,29,,82.3,63.0,,29,3,222,Friday,7,2016-07-29,False,946.9300000000001,0.012042505543724066,Medium,Excellent
,2016-07-29 03:43:23+00:00,10.97,,0.959,10.31,908.92,2.44,1.039,12.12,29,,82.3,63.0,,29,3,223,Friday,7,2016-07-29,False,944.76,0.012069269022576245,Medium,Excellent
,2016-07-29 03:44:23+00:00,10.57,,0.958,10.44,913.86,2.46,1.039,12.12,29,,82.4,63.0,,29,3,224,Friday,7,2016-07-29,False,949.45,0.011566323069179086,Medium,Excellent
,2016-07-29 03:45:22+00:00,10.47,,0.956,9.24,912.7,2.44,1.037,11.82,29,,82.8,63.0,,29,3,225,Friday,7,2016-07-29,False,946.6700000000002,0.011471458310507287,Medium,Excellent
,2016-07-29 03:46:22+00:00,10.47,,0.959,9.24,913.85,2.46,1.037,11.32,29,,83.1,63.0,,29,3,226,Friday,7,2016-07-29,False,947.3400000000001,0.011457022487279095,Medium,Excellent
,2016-07-29 03:47:22+00:00,10.07,,0.955,8.84,912.83,2.44,1.036,11.32,29,,83.6,63.0,,29,3,227,Friday,7,2016-07-29,False,945.5000000000001,0.011031626918484274,Medium,Excellent
,2016-07-29 03:48:22+00:00,10.37,,0.95,9.41,913.43,2.41,1.037,11.62,29,,83.7,63.0,,29,3,228,Friday,7,2016-07-29,False,947.2399999999999,0.011352813023439125,Medium,Excellent
,2016-07-29 03:49:23+00:00,10.37,,0.95,9.54,915.09,2.46,1.037,11.62,29,,83.7,63.0,,29,3,229,Friday,7,2016-07-29,False,949.08,0.011332218688872131,Medium,Excellent
,2016-07-29 03:50:24+00:00,10.47,,0.948,9.57,916.25,2.44,1.037,11.32,29,,84.1,63.1,,29,3,230,Friday,7,2016-07-29,False,950.0500000000001,0.011427012278308323,Medium,Excellent
,2016-07-29 03:51:22+00:00,10.27,,0.954,10.14,915.23,2.46,1.038,11.52,29,,84.6,63.2,,29,3,231,Friday,7,2016-07-29,False,949.62,0.011221223080537131,Medium,Excellent
,2016-07-29 03:52:22+00:00,10.77,,0.948,9.84,915.54,2.46,1.038,11.92,29,,84.6,63.3,,29,3,232,Friday,7,2016-07-29,False,950.53,0.011763549380693362,Medium,Excellent
,2016-07-29 03:53:21+00:00,10.77,,0.948,9.76,914.38,2.46,1.038,11.93,29,,84.6,63.3,,29,3,233,Friday,7,2016-07-29,False,949.3,0.01177847284498786,Medium,Excellent
,2016-07-29 03:54:22+00:00,10.77,,0.957,9.71,909.53,2.44,1.038,11.83,29,,84.6,63.2,,29,3,234,Friday,7,2016-07-29,False,944.2800000000001,0.011841280661440525,Medium,Excellent
,2016-07-29 03:55:23+00:00,11.37,,0.956,9.74,910.13,2.44,1.039,11.72,29,,84.4,63.2,,29,3,235,Friday,7,2016-07-29,False,945.4000000000001,0.012492720820102622,Medium,Excellent
,2016-07-29 03:56:22+00:00,11.37,,0.952,9.67,911.54,2.46,1.038,11.32,29,,84.7,63.1,,29,3,236,Friday,7,2016-07-29,False,946.36,0.01247339666937271,Medium,Excellent
,2016-07-29 03:57:22+00:00,11.37,,0.96,9.51,911.58,2.44,1.038,11.52,29,,84.9,63.0,,29,3,237,Friday,7,2016-07-29,False,946.4200000000001,0.012472849338511154,Medium,Excellent
,2016-07-29 03:58:20+00:00,11.47,,0.96,9.47,911.27,2.44,1.038,11.52,29,,84.9,63.0,,29,3,238,Friday,7,2016-07-29,False,946.1700000000001,0.012586829370000111,Medium,Excellent
,2016-07-29 03:59:23+00:00,11.77,,0.956,9.34,913.46,2.46,1.038,11.52,29,,84.6,63.0,,29,3,239,Friday,7,2016-07-29,False,948.5500000000001,0.01288507433275677,Medium,Excellent
,2016-07-29 04:00:23+00:00,11.87,,0.951,9.37,913.26,2.44,1.039,11.62,29,,84.6,63.0,,29,4,240,Friday,7,2016-07-29,False,948.5600000000001,0.012997393951339158,Medium,Excellent
,2016-07-29 04:01:23+00:00,11.57,,0.951,8.97,909.58,2.44,1.038,11.62,29,,84.2,63.1,,29,4,241,Friday,7,2016-07-29,False,944.1800000000001,0.012720156555772993,Medium,Excellent
,2016-07-29 04:02:22+00:00,11.87,,0.95,8.84,911.7,2.41,1.038,11.62,29,,84.1,63.1,,29,4,242,Friday,7,2016-07-29,False,946.44,0.013019633651420422,Medium,Excellent
,2016-07-29 04:03:21+00:00,11.87,,0.946,9.24,911.76,2.44,1.039,11.82,29,,84.2,63.0,,29,4,243,Friday,7,2016-07-29,False,947.1300000000001,0.013018776871106431,Medium,Excellent
,2016-07-29 04:04:23+00:00,11.97,,0.943,9.34,912.53,2.44,1.039,11.42,29,,83.8,63.0,,29,4,244,Friday,7,2016-07-29,False,947.6999999999999,0.013117376962949165,Medium,Excellent
,2016-07-29 04:05:25+00:00,11.67,,0.939,9.47,914.12,2.44,1.038,11.42,29,,83.6,63.0,,29,4,245,Friday,7,2016-07-29,False,949.12,0.012766376405723538,Medium,Excellent
,2016-07-29 04:06:22+00:00,11.67,,0.946,9.57,913.54,2.44,1.039,11.52,29,,83.5,62.9,,29,4,246,Friday,7,2016-07-29,False,948.74,0.012774481686625655,Medium,Excellent
,2016-07-29 04:07:22+00:00,11.87,,0.951,10.34,909.89,2.44,1.04,11.52,29,,83.6,62.9,,29,4,247,Friday,7,2016-07-29,False,946.0600000000001,0.013045532976513645,Medium,Excellent
,2016-07-29 04:08:21+00:00,11.57,,0.957,10.44,911.1,2.44,1.039,11.12,29,,83.6,62.9,,29,4,248,Friday,7,2016-07-29,False,946.6700000000001,0.012698935352870156,Medium,Excellent
,2016-07-29 04:09:22+00:00,11.47,,0.952,9.29,914.06,2.44,1.038,11.12,29,,83.5,62.9,,29,4,249,Friday,7,2016-07-29,False,948.38,0.01254841038881474,Medium,Excellent
,2016-07-29 04:10:23+00:00,11.07,,0.955,9.42,915.07,2.46,1.037,11.12,29,,83.5,62.8,,29,4,250,Friday,7,2016-07-29,False,949.1400000000001,0.012097435168894182,Medium,Excellent
,2016-07-29 04:11:22+00:00,11.17,,0.957,8.94,910.04,2.46,1.038,11.72,29,,83.5,62.7,,29,4,251,Friday,7,2016-07-29,False,944.33,0.01227418575007692,Medium,Excellent
,2016-07-29 04:12:21+00:00,11.07,,0.957,8.92,912.98,2.41,1.037,11.52,29,,83.4,62.7,,29,4,252,Friday,7,2016-07-29,False,946.9,0.012125128699423865,Medium,Excellent
,2016-07-29 04:13:22+00:00,10.97,,0.961,9.82,913.54,2.46,1.038,11.52,29,,83.2,62.7,,29,4,253,Friday,7,2016-07-29,False,948.31,0.012008231713991726,Medium,Excellent
,2016-07-29 04:14:22+00:00,10.77,,0.964,9.92,910.38,2.46,1.038,11.52,29,,83.1,62.7,,29,4,254,Friday,7,2016-07-29,False,945.05,0.011830224741316812,Medium,Excellent
,2016-07-29 04:15:22+00:00,10.77,,0.965,9.62,912.64,2.44,1.038,11.72,29,,83.1,62.6,,29,4,255,Friday,7,2016-07-29,False,947.19,0.011800929172510518,Medium,Excellent
,2016-07-29 04:16:23+00:00,10.77,,0.959,9.62,912.69,2.44,1.038,11.42,29,,83.0,62.6,,29,4,256,Friday,7,2016-07-29,False,946.94,0.011800282680866449,Medium,Excellent
,2016-07-29 04:17:20+00:00,10.57,,0.963,9.12,915.18,2.46,1.037,11.42,29,,83.2,62.7,,29,4,257,Friday,7,2016-07-29,False,948.7499999999999,0.011549640507878232,Medium,Excellent
,2016-07-29 04:18:22+00:00,10.57,,0.957,9.09,913.8,2.44,1.037,11.42,29,,83.2,62.7,,29,4,258,Friday,7,2016-07-29,False,947.3199999999999,0.01156708251258481,Medium,Excellent
,2016-07-29 04:19:23+00:00,10.37,,0.959,9.42,912.68,2.44,1.037,11.92,29,,83.2,62.7,,29,4,259,Friday,7,2016-07-29,False,946.8299999999999,0.01136214226234825,Medium,Excellent
,2016-07-29 04:20:24+00:00,10.27,,0.956,9.39,913.54,2.46,1.037,11.92,29,,83.2,62.8,,29,4,260,Friday,7,2016-07-29,False,947.5799999999999,0.011241981741357794,Medium,Excellent
,2016-07-29 04:21:23+00:00,10.37,,0.953,9.02,913.19,2.46,1.037,11.52,29,,83.0,62.8,,29,4,261,Friday,7,2016-07-29,False,946.5600000000001,0.011355796712622782,Medium,Excellent
,2016-07-29 04:22:22+00:00,10.17,,0.956,9.12,913.03,2.44,1.036,11.52,29,,82.9,62.8,,29,4,262,Friday,7,2016-07-29,False,946.28,0.011138735857529326,Medium,Excellent
,2016-07-29 04:23:21+00:00,10.07,,0.955,8.59,908.09,2.41,1.036,11.52,29,,82.9,62.8,,29,4,263,Friday,7,2016-07-29,False,940.68,0.011089209219350506,Medium,Excellent
,2016-07-29 04:24:22+00:00,9.87,,0.949,8.52,908.42,2.44,1.035,11.32,29,,83.2,62.8,,29,4,264,Friday,7,2016-07-29,False,940.57,0.010865018383567073,Medium,Excellent
,2016-07-29 04:25:23+00:00,9.77,,0.95,9.34,910.41,2.46,1.036,11.32,29,,83.2,62.7,,29,4,265,Friday,7,2016-07-29,False,943.3000000000001,0.010731428696960709,Medium,Excellent
,2016-07-29 04:26:23+00:00,9.57,,0.949,9.32,910.49,2.44,1.036,11.32,29,,83.4,62.6,,29,4,266,Friday,7,2016-07-29,False,943.1400000000001,0.010510823842106998,Medium,Excellent
,2016-07-29 04:27:22+00:00,9.57,,0.947,10.14,908.82,2.46,1.037,11.62,29,,83.4,62.6,,29,4,267,Friday,7,2016-07-29,False,942.6100000000001,0.010530137981118372,Medium,Excellent
,2016-07-29 04:28:21+00:00,10.27,,0.94,10.12,909.85,2.46,1.038,11.62,29,,83.4,62.6,,29,4,268,Friday,7,2016-07-29,False,944.32,0.011287574874979391,Medium,Excellent
,2016-07-29 04:29:23+00:00,10.87,,0.931,9.12,912.25,2.46,1.037,11.32,29,,83.5,62.5,,29,4,269,Friday,7,2016-07-29,False,946.0200000000001,0.011915593313236503,Medium,Excellent
,2016-07-29 04:30:22+00:00,10.77,,0.941,9.22,915.26,2.46,1.038,12.02,29,,83.4,62.5,,29,4,270,Friday,7,2016-07-29,False,949.73,0.011767148132771016,Medium,Excellent
,2016-07-29 04:31:23+00:00,10.87,,0.934,8.72,915.04,2.44,1.037,12.02,29,,83.4,62.5,,29,4,271,Friday,7,2016-07-29,False,949.09,0.011879262108760273,Medium,Excellent
,2016-07-29 04:32:22+00:00,11.17,,0.938,8.69,914.64,2.46,1.038,12.02,29,,83.2,62.5,,29,4,272,Friday,7,2016-07-29,False,948.98,0.012212455173620223,Medium,Excellent
,2016-07-29 04:33:21+00:00,11.37,,0.941,8.02,913.8,2.46,1.037,12.12,29,,83.3,62.5,,29,4,273,Friday,7,2016-07-29,False,947.77,0.012442547603414313,Medium,Excellent
,2016-07-29 04:34:22+00:00,11.37,,0.944,8.12,915.59,2.46,1.037,12.12,29,,83.2,62.5,,29,4,274,Friday,7,2016-07-29,False,949.6600000000001,0.012418222129992681,Medium,Excellent
,2016-07-29 04:35:26+00:00,11.37,,0.951,7.72,912.76,2.44,1.036,11.72,29,,82.9,62.5,,29,4,275,Friday,7,2016-07-29,False,946.0100000000001,0.012456724659275165,Medium,Excellent
,2016-07-29 04:36:22+00:00,11.27,,0.952,7.62,909.92,2.46,1.036,11.82,29,,82.7,62.5,,29,4,276,Friday,7,2016-07-29,False,943.09,0.012385704237735185,Medium,Excellent
,2016-07-29 04:37:23+00:00,11.07,,0.955,7.49,911.15,2.41,1.036,11.43,29,,82.7,62.5,,29,4,277,Friday,7,2016-07-29,False,943.55,0.012149481424573342,Medium,Excellent
,2016-07-29 04:38:22+00:00,11.37,,0.951,7.49,912.92,2.41,1.036,11.42,29,,82.6,62.5,,29,4,278,Friday,7,2016-07-29,False,945.6099999999999,0.012454541471322788,Medium,Excellent
,2016-07-29 04:39:22+00:00,11.47,,0.959,7.99,911.27,2.41,1.037,11.42,29,,82.7,62.5,,29,4,279,Friday,7,2016-07-29,False,944.56,0.012586829370000111,Medium,Excellent
,2016-07-29 04:40:23+00:00,11.47,,0.949,8.14,910.19,2.41,1.037,11.72,29,,82.7,62.4,,29,4,280,Friday,7,2016-07-29,False,943.9300000000001,0.012601764466759688,Medium,Excellent
,2016-07-29 04:41:21+00:00,10.97,,0.963,8.52,913.3,2.44,1.037,11.72,29,,82.7,62.4,,29,4,281,Friday,7,2016-07-29,False,946.95,0.012011387276907917,Medium,Excellent
,2016-07-29 04:42:22+00:00,10.97,,0.955,8.52,911.65,2.46,1.037,11.72,29,,82.7,62.4,,29,4,282,Friday,7,2016-07-29,False,945.32,0.012033126748203808,Medium,Excellent
,2016-07-29 04:43:22+00:00,10.87,,0.957,9.72,913.3,2.44,1.038,11.72,29,,82.8,62.4,,29,4,283,Friday,7,2016-07-29,False,948.0500000000001,0.011901894229716412,Medium,Excellent
,2016-07-29 04:44:23+00:00,10.77,,0.952,9.72,911.66,2.46,1.039,12.42,29,,83.0,62.3,,29,4,284,Friday,7,2016-07-29,False,947.03,0.011813614724787749,Medium,Excellent
,2016-07-29 04:45:22+00:00,10.07,,0.954,10.12,910.82,2.44,1.038,12.12,29,,83.1,62.3,,29,4,285,Friday,7,2016-07-29,False,945.57,0.011055971542126874,Medium,Excellent
,2016-07-29 04:46:20+00:00,10.07,,0.952,10.02,910.49,2.46,1.038,12.12,29,,83.1,62.3,,29,4,286,Friday,7,2016-07-29,False,945.1600000000001,0.011059978692791794,Medium,Excellent
,2016-07-29 04:47:22+00:00,9.67,,0.948,9.54,913.18,2.46,1.036,11.23,29,,83.0,62.3,,29,4,287,Friday,7,2016-07-29,False,946.08,0.010589369018156334,Medium,Excellent
,2016-07-29 04:48:21+00:00,9.37,,0.95,9.49,909.61,2.44,1.036,11.23,29,,83.2,62.3,,29,4,288,Friday,7,2016-07-29,False,942.1400000000001,0.010301118061586833,Medium,Excellent
,2016-07-29 04:49:23+00:00,9.07,,0.951,10.19,913.9,2.41,1.037,11.92,29,,83.3,62.3,,29,4,289,Friday,7,2016-07-29,False,947.4899999999999,0.00992449939818361,Medium,Excellent
,2016-07-29 04:50:24+00:00,9.07,,0.952,10.12,912.66,2.46,1.036,11.42,29,,83.2,62.3,,29,4,290,Friday,7,2016-07-29,False,945.7299999999999,0.00993798347686981,Medium,Excellent
,2016-07-29 04:51:22+00:00,9.17,,0.953,9.54,903.97,2.46,1.036,11.42,29,,83.2,62.3,,29,4,291,Friday,7,2016-07-29,False,936.5600000000001,0.010144141951613438,Medium,Excellent
,2016-07-29 04:52:21+00:00,8.97,,0.96,9.54,904.81,2.46,1.036,11.42,29,,83.2,62.3,,29,4,292,Friday,7,2016-07-29,False,937.1999999999999,0.009913683535769942,Medium,Excellent
,2016-07-29 04:53:21+00:00,8.47,,0.956,8.89,907.67,2.41,1.035,12.02,29,,83.2,62.3,,29,4,293,Friday,7,2016-07-29,False,939.4599999999999,0.00933158526777353,Medium,Excellent
,2016-07-29 04:54:22+00:00,8.17,,0.955,8.92,923.59,2.44,1.034,11.92,29,,83.3,62.3,,29,4,294,Friday,7,2016-07-29,False,955.0400000000001,0.008845916478090927,Medium,Excellent
,2016-07-29 04:55:22+00:00,7.97,,0.953,8.64,926.27,2.46,1.033,11.42,29,,83.3,62.3,,29,4,295,Friday,7,2016-07-29,False,956.76,0.008604402603992357,Medium,Excellent
,2016-07-29 04:56:23+00:00,7.97,,0.963,8.64,929.43,2.46,1.032,10.92,29,,83.3,62.3,,29,4,296,Friday,7,2016-07-29,False,959.42,0.008575148209117416,High,Excellent
,2016-07-29 04:57:22+00:00,8.07,,0.964,8.62,926.3,2.44,1.032,10.92,29,,83.4,62.2,,29,4,297,Friday,7,2016-07-29,False,956.35,0.008712080319550902,Medium,Excellent
,2016-07-29 04:58:22+00:00,8.07,,0.965,8.62,926.6,2.46,1.034,12.02,29,,83.4,62.2,,29,4,298,Friday,7,2016-07-29,False,957.77,0.008709259658968271,High,Excellent
,2016-07-29 04:59:23+00:00,8.27,,0.968,9.04,926.61,2.46,1.034,12.02,29,,83.5,62.3,,29,4,299,Friday,7,2016-07-29,False,958.4,0.008925006205415439,High,Excellent
,2016-07-29 05:00:23+00:00,8.17,,0.967,8.99,926.03,2.44,1.034,12.02,29,,83.7,62.3,,29,5,300,Friday,7,2016-07-29,False,957.65,0.008822608338822717,High,Excellent
,2016-07-29 05:01:23+00:00,8.07,,0.965,8.22,922.68,2.44,1.033,11.82,29,,83.7,62.3,,29,5,301,Friday,7,2016-07-29,False,953.23,0.00874626089218364,Medium,Excellent
,2016-07-29 05:02:22+00:00,8.27,,0.963,8.22,925.33,2.44,1.033,11.83,29,,83.9,62.4,,29,5,302,Friday,7,2016-07-29,False,956.0900000000001,0.008937352079798557,Medium,Excellent
,2016-07-29 05:03:20+00:00,8.77,,0.966,8.89,924.99,2.41,1.034,11.83,29,,84.1,62.4,,29,5,303,Friday,7,2016-07-29,False,956.89,0.009481183580363031,High,Excellent
,2016-07-29 05:04:22+00:00,8.77,,0.967,9.04,930.37,2.44,1.035,11.92,29,,84.2,62.5,,29,5,304,Friday,7,2016-07-29,False,962.54,0.009426357255715468,High,Excellent
,2016-07-29 05:05:23+00:00,9.07,,0.969,9.94,931.28,2.46,1.036,11.62,29,,84.2,62.5,,29,5,305,Friday,7,2016-07-29,False,964.37,0.009739283566703892,High,Excellent
,2016-07-29 05:06:22+00:00,9.27,,0.969,9.84,928.28,2.46,1.036,11.62,29,,84.5,62.6,,29,5,306,Friday,7,2016-07-29,False,961.47,0.009986211057008662,High,Excellent
,2016-07-29 05:07:22+00:00,9.47,,0.97,9.52,925.89,2.44,1.036,11.72,29,,84.6,62.6,,29,5,307,Friday,7,2016-07-29,False,959.0400000000001,0.010227996846277636,High,Excellent
,2016-07-29 05:08:22+00:00,10.17,,0.968,9.49,922.98,2.44,1.037,11.72,29,,84.7,62.7,,29,5,308,Friday,7,2016-07-29,False,956.8000000000001,0.011018656958980693,High,Excellent
,2016-07-29 05:09:22+00:00,10.37,,0.962,9.19,925.25,2.41,1.036,11.02,29,,84.7,62.7,,29,5,309,Friday,7,2016-07-29,False,958.2399999999999,0.011207781680626857,High,Excellent
,2016-07-29 05:10:23+00:00,10.47,,0.962,9.21,926.28,2.44,1.036,11.52,29,,85.0,62.7,,29,5,310,Friday,7,2016-07-29,False,959.92,0.011303277626635575,High,Excellent
,2016-07-29 05:11:22+00:00,11.27,,0.962,9.64,927.74,2.46,1.038,11.62,29,,85.0,62.8,,29,5,311,Friday,7,2016-07-29,False,962.73,0.012147800030180868,High,Excellent
,2016-07-29 05:12:22+00:00,11.67,,0.948,9.64,926.05,2.44,1.038,11.12,29,,85.0,62.8,,29,5,312,Friday,7,2016-07-29,False,960.92,0.012601911343879921,High,Excellent
,2016-07-29 05:13:22+00:00,11.87,,0.945,10.04,927.3,2.46,1.038,11.33,29,,85.0,62.8,,29,5,313,Friday,7,2016-07-29,False,963.0,0.01280060390380675,High,Excellent
,2016-07-29 05:14:23+00:00,11.77,,0.938,10.04,930.04,2.44,1.038,11.33,29,,85.1,62.8,,29,5,314,Friday,7,2016-07-29,False,965.62,0.012655369661519934,High,Excellent
,2016-07-29 05:15:22+00:00,11.97,,0.932,9.44,928.56,2.46,1.038,11.62,29,,85.1,62.9,,29,5,315,Friday,7,2016-07-29,False,964.05,0.012890927888343243,High,Excellent
,2016-07-29 05:16:23+00:00,11.97,,0.929,9.46,929.2,2.48,1.038,11.42,29,,85.1,62.9,,29,5,316,Friday,7,2016-07-29,False,964.53,0.012882049074472665,High,Excellent
,2016-07-29 05:17:21+00:00,12.17,,0.921,8.81,928.97,2.46,1.038,11.42,29,,85.1,62.9,,29,5,317,Friday,7,2016-07-29,False,963.83,0.013100530695286177,High,Excellent
,2016-07-29 05:18:19+00:00,12.27,,0.939,8.94,927.94,2.48,1.038,11.42,29,,85.1,62.9,,29,5,318,Friday,7,2016-07-29,False,963.0500000000001,0.013222837683470913,High,Excellent
,2016-07-29 05:19:24+00:00,12.27,,0.931,8.56,932.74,2.46,1.038,11.93,29,,85.1,62.9,,29,5,319,Friday,7,2016-07-29,False,967.96,0.013154791260158243,High,Excellent
,2016-07-29 05:20:24+00:00,12.37,,0.915,8.51,930.57,2.46,1.038,11.92,29,,85.1,62.9,,29,5,320,Friday,7,2016-07-29,False,965.83,0.013292927990371491,High,Excellent
,2016-07-29 05:21:22+00:00,12.47,,0.932,8.16,928.96,2.48,1.037,11.62,29,,85.0,62.9,,29,5,321,Friday,7,2016-07-29,False,963.69,0.013423613503272477,High,Excellent
,2016-07-29 05:22:22+00:00,12.27,,0.927,8.24,929.9,2.48,1.037,11.02,29,,85.0,63.0,,29,5,322,Friday,7,2016-07-29,False,963.91,0.013194967200774276,High,Excellent
,2016-07-29 05:23:21+00:00,12.17,,0.934,7.61,929.47,2.46,1.036,11.02,29,,85.0,63.0,,29,5,323,Friday,7,2016-07-29,False,962.73,0.013093483383003217,High,Excellent
,2016-07-29 05:24:21+00:00,12.27,,0.946,7.54,928.5,2.46,1.036,11.02,29,,85.0,63.1,,29,5,324,Friday,7,2016-07-29,False,961.79,0.013214862681744748,High,Excellent
,2016-07-29 05:25:22+00:00,11.97,,0.955,8.11,927.56,2.46,1.037,11.52,29,,85.1,63.1,,29,5,325,Friday,7,2016-07-29,False,961.62,0.012904825563844927,High,Excellent
,2016-07-29 05:26:22+00:00,11.97,,0.958,8.04,925.91,2.48,1.037,11.52,29,,85.0,63.1,,29,5,326,Friday,7,2016-07-29,False,959.92,0.012927822358544568,High,Excellent
,2016-07-29 05:27:21+00:00,11.77,,0.964,9.24,928.04,2.46,1.038,11.53,29,,85.1,63.2,,29,5,327,Friday,7,2016-07-29,False,963.04,0.012682642989526314,High,Excellent
,2016-07-29 05:28:22+00:00,11.87,,0.967,9.34,925.01,2.46,1.039,12.02,29,,85.1,63.3,,29,5,328,Friday,7,2016-07-29,False,960.7,0.01283229370493292,High,Excellent
,2016-07-29 05:29:23+00:00,11.77,,0.966,9.91,923.86,2.46,1.039,11.92,29,,85.1,63.3,,29,5,329,Friday,7,2016-07-29,False,959.92,0.012740025544995995,High,Excellent
,2016-07-29 05:30:22+00:00,11.37,,0.969,9.91,924.29,2.41,1.039,11.93,29,,84.8,63.4,,29,5,330,Friday,7,2016-07-29,False,959.9099999999999,0.012301333996905733,High,Excellent
,2016-07-29 05:31:24+00:00,11.27,,0.963,9.96,927.61,2.44,1.038,11.82,29,,84.8,63.4,,29,5,331,Friday,7,2016-07-29,False,963.1000000000001,0.012149502484880498,High,Excellent
,2016-07-29 05:32:21+00:00,11.27,,0.962,9.91,930.48,2.41,1.038,11.53,29,,84.6,63.5,,29,5,332,Friday,7,2016-07-29,False,965.5999999999999,0.012112028200498667,High,Excellent
,2016-07-29 05:33:20+00:00,11.07,,0.965,9.14,931.17,2.44,1.037,11.52,29,,84.6,63.5,,29,5,333,Friday,7,2016-07-29,False,965.34,0.011888269596314316,High,Excellent
,2016-07-29 05:34:22+00:00,10.97,,0.963,9.16,933.33,2.46,1.037,11.52,29,,84.6,63.5,,29,5,334,Friday,7,2016-07-29,False,967.44,0.011753613405762163,High,Excellent
,2016-07-29 05:35:26+00:00,10.57,,0.964,8.84,929.96,2.44,1.035,11.12,29,,84.6,63.5,,29,5,335,Friday,7,2016-07-29,False,962.9300000000001,0.011366080261516625,High,Excellent
,2016-07-29 05:36:22+00:00,10.57,,0.961,8.79,930.25,2.41,1.035,11.12,29,,84.6,63.5,,29,5,336,Friday,7,2016-07-29,False,963.14,0.011362536952432143,High,Excellent
,2016-07-29 05:37:21+00:00,10.67,,0.965,9.22,924.65,2.44,1.037,11.92,29,,84.6,63.6,,29,5,337,Friday,7,2016-07-29,False,958.9,0.01153950143297464,High,Excellent
,2016-07-29 05:38:21+00:00,10.47,,0.962,9.22,924.13,2.44,1.037,11.92,29,,84.5,63.6,,29,5,338,Friday,7,2016-07-29,False,958.1800000000001,0.011329574843366193,High,Excellent
,2016-07-29 05:39:22+00:00,10.27,,0.962,9.54,926.27,2.48,1.036,11.42,29,,84.2,63.6,,29,5,339,Friday,7,2016-07-29,False,959.9799999999999,0.011087479892471956,High,Excellent
,2016-07-29 05:40:22+00:00,9.97,,0.959,9.42,920.62,2.44,1.037,11.92,29,,84.2,63.7,,29,5,340,Friday,7,2016-07-29,False,954.37,0.010829658273772023,Medium,Excellent
,2016-07-29 05:41:21+00:00,9.97,,0.965,8.84,924.39,2.44,1.036,12.02,29,,84.0,63.7,,29,5,341,Friday,7,2016-07-29,False,957.6600000000001,0.010785490972425059,High,Excellent
,2016-07-29 05:42:21+00:00,9.57,,0.963,8.72,927.35,2.44,1.035,12.02,29,,84.2,63.7,,29,5,342,Friday,7,2016-07-29,False,960.1,0.01031972825793929,High,Excellent
,2016-07-29 05:43:22+00:00,9.67,,0.965,8.24,928.74,2.46,1.035,11.82,29,,83.9,63.7,,29,5,343,Friday,7,2016-07-29,False,960.9300000000001,0.010411955983375326,High,Excellent
,2016-07-29 05:44:23+00:00,9.87,,0.964,8.34,927.63,2.46,1.035,12.22,29,,84.1,63.8,,29,5,344,Friday,7,2016-07-29,False,960.5200000000001,0.010640018110669124,High,Excellent
,2016-07-29 05:45:22+00:00,10.17,,0.963,7.99,927.32,2.44,1.035,12.22,29,,84.2,63.8,,29,5,345,Friday,7,2016-07-29,False,960.1400000000001,0.010967087952378898,High,Excellent
,2016-07-29 05:46:21+00:00,10.17,,0.966,7.89,925.78,2.41,1.034,11.12,29,,84.1,63.8,,29,5,346,Friday,7,2016-07-29,False,957.3699999999999,0.010985331288211022,High,Excellent
,2016-07-29 05:47:21+00:00,10.17,,0.966,7.64,927.72,2.46,1.034,11.12,29,,84.3,63.9,,29,5,347,Friday,7,2016-07-29,False,959.11,0.010962359332557237,High,Excellent
,2016-07-29 05:48:22+00:00,10.17,,0.964,7.74,925.95,2.44,1.035,11.72,29,,84.4,63.9,,29,5,348,Friday,7,2016-07-29,False,958.0200000000001,0.01098331443382472,High,Excellent
,2016-07-29 05:49:22+00:00,10.47,,0.967,7.62,926.88,2.46,1.035,11.92,29,,84.5,63.9,,29,5,349,Friday,7,2016-07-29,False,959.35,0.011295960642154325,High,Excellent
,2016-07-29 05:50:22+00:00,10.67,,0.971,7.64,926.06,2.46,1.035,11.92,29,,84.6,63.9,,29,5,350,Friday,7,2016-07-29,False,958.7499999999999,0.011521931624300801,High,Excellent
,2016-07-29 05:51:22+00:00,10.87,,0.97,8.39,924.63,2.44,1.036,11.62,29,,84.6,63.9,,29,5,351,Friday,7,2016-07-29,False,957.95,0.011756053772860495,High,Excellent
,2016-07-29 05:52:21+00:00,11.07,,0.973,8.39,925.46,2.41,1.036,11.12,29,,84.5,63.8,,29,5,352,Friday,7,2016-07-29,False,958.45,0.01196161908672444,High,Excellent
,2016-07-29 05:53:21+00:00,11.57,,0.97,8.92,927.63,2.44,1.037,11.12,29,,84.5,63.8,,29,5,353,Friday,7,2016-07-29,False,961.6800000000001,0.012472645343509805,High,Excellent
,2016-07-29 05:54:22+00:00,11.77,,0.967,9.04,925.93,2.44,1.037,11.12,29,,84.6,63.7,,29,5,354,Friday,7,2016-07-29,False,960.3,0.012711544069206096,High,Excellent
,2016-07-29 05:55:22+00:00,11.97,,0.965,9.72,922.33,2.44,1.039,11.82,29,,84.6,63.7,,29,5,355,Friday,7,2016-07-29,False,958.2800000000002,0.012978001366105408,High,Excellent
,2016-07-29 05:56:21+00:00,11.97,,0.966,9.79,920.79,2.41,1.039,11.52,29,,84.6,63.6,,29,5,356,Friday,7,2016-07-29,False,956.4799999999999,0.012999706773531426,Medium,Excellent
,2016-07-29 05:57:22+00:00,12.17,,0.962,8.59,924.5,2.41,1.038,11.52,29,,84.6,63.6,,29,5,357,Friday,7,2016-07-29,False,959.1899999999999,0.013163872363439697,High,Excellent
,2016-07-29 05:58:23+00:00,12.27,,0.963,8.74,922.45,2.46,1.038,11.62,29,,84.5,63.5,,29,5,358,Friday,7,2016-07-29,False,957.5400000000001,0.013301533958480133,High,Excellent
,2016-07-29 05:59:23+00:00,12.17,,0.959,8.64,925.05,2.44,1.038,11.52,29,,84.2,63.5,,29,5,359,Friday,7,2016-07-29,False,959.8199999999999,0.013156045619155721,High,Excellent
,2016-07-29 06:00:22+00:00,12.17,,0.953,8.62,924.44,2.46,1.038,11.52,29,,84.2,63.5,,29,6,360,Friday,7,2016-07-29,False,959.21,0.013164726753494007,High,Excellent
,2016-07-29 06:01:22+00:00,12.17,,0.953,8.59,925.05,2.41,1.038,11.52,29,,84.2,63.5,,29,6,361,Friday,7,2016-07-29,False,959.7399999999999,0.013156045619155721,High,Excellent
,2016-07-29 06:02:21+00:00,11.97,,0.953,8.52,924.8,2.44,1.037,11.52,29,,84.2,63.5,,29,6,362,Friday,7,2016-07-29,False,959.25,0.012943339100346021,High,Excellent
,2016-07-29 06:03:21+00:00,11.97,,0.943,8.14,927.62,2.46,1.037,11.92,29,,84.3,63.5,,29,6,363,Friday,7,2016-07-29,False,962.11,0.012903990858325607,High,Excellent
,2016-07-29 06:04:21+00:00,12.07,,0.944,8.12,925.65,2.46,1.037,11.62,29,,84.1,63.4,,29,6,364,Friday,7,2016-07-29,False,959.92,0.013039485766758495,High,Excellent
,2016-07-29 06:05:23+00:00,12.37,,0.944,7.92,926.39,2.44,1.037,11.22,29,,83.7,63.4,,29,6,365,Friday,7,2016-07-29,False,960.34,0.013352907522749598,High,Excellent
,2016-07-29 06:06:21+00:00,12.37,,0.942,7.92,925.76,2.44,1.037,11.42,29,,83.6,63.4,,29,6,366,Friday,7,2016-07-29,False,959.91,0.013361994469408917,High,Excellent
,2016-07-29 06:07:21+00:00,12.07,,0.941,7.82,925.48,2.44,1.037,11.52,29,,83.6,63.5,,29,6,367,Friday,7,2016-07-29,False,959.33,0.013041880969875092,High,Excellent
,2016-07-29 06:08:21+00:00,11.87,,0.935,7.79,923.26,2.41,1.036,11.53,29,,83.6,63.4,,29,6,368,Friday,7,2016-07-29,False,956.8599999999999,0.012856616771007082,High,Excellent
,2016-07-29 06:09:22+00:00,11.77,,0.929,8.42,925.55,2.44,1.036,10.93,29,,83.4,63.4,,29,6,369,Friday,7,2016-07-29,False,959.11,0.012716763005780347,High,Excellent
,2016-07-29 06:10:23+00:00,11.17,,0.931,8.49,925.87,2.41,1.036,10.92,29,,83.4,63.4,,29,6,370,Friday,7,2016-07-29,False,958.8599999999999,0.012064328685452602,High,Excellent
,2016-07-29 06:11:22+00:00,11.17,,0.924,9.09,924.45,2.44,1.036,10.82,29,,83.6,63.5,,29,6,371,Friday,7,2016-07-29,False,957.9700000000001,0.012082860078965871,High,Excellent
,2016-07-29 06:12:21+00:00,11.17,,0.929,9.12,926.56,2.44,1.036,10.92,29,,83.4,63.5,,29,6,372,Friday,7,2016-07-29,False,960.2099999999999,0.012055344500086341,High,Excellent
,2016-07-29 06:13:20+00:00,10.77,,0.928,8.12,924.74,2.44,1.035,11.12,29,,83.3,63.5,,29,6,373,Friday,7,2016-07-29,False,957.19,0.011646516858792741,High,Excellent
,2016-07-29 06:14:22+00:00,10.67,,0.945,8.09,926.6,2.44,1.035,11.12,29,,83.3,63.6,,29,6,374,Friday,7,2016-07-29,False,958.9200000000001,0.011515216922080724,High,Excellent
,2016-07-29 06:15:22+00:00,10.27,,0.948,7.54,926.15,2.46,1.034,11.52,29,,83.6,63.7,,29,6,375,Friday,7,2016-07-29,False,957.9399999999999,0.011088916482211305,High,Excellent
,2016-07-29 06:16:23+00:00,9.97,,0.954,7.54,930.03,2.44,1.034,11.62,29,,83.6,63.8,,29,6,376,Friday,7,2016-07-29,False,961.6,0.010720084298355968,High,Excellent
,2016-07-29 06:17:22+00:00,9.47,,0.957,8.69,928.42,2.44,1.035,11.92,29,,83.4,63.8,,29,6,377,Friday,7,2016-07-29,False,960.9399999999999,0.010200124943452318,High,Excellent
,2016-07-29 06:18:21+00:00,9.07,,0.959,8.72,928.56,2.44,1.035,11.92,29,,83.2,63.9,,29,6,378,Friday,7,2016-07-29,False,960.7099999999999,0.009767812526923408,High,Excellent
,2016-07-29 06:19:22+00:00,8.97,,0.951,8.42,926.64,2.44,1.034,11.72,29,,82.8,64.0,,29,6,379,Friday,7,2016-07-29,False,958.19,0.009680134680134681,High,Excellent
,2016-07-29 06:20:22+00:00,8.97,,0.956,8.29,924.7,2.41,1.034,11.42,29,,82.6,64.0,,29,6,380,Friday,7,2016-07-29,False,955.79,0.009700443387044446,Medium,Excellent
,2016-07-29 06:21:21+00:00,8.47,,0.955,9.02,924.99,2.44,1.034,11.42,29,,82.0,64.1,,29,6,381,Friday,7,2016-07-29,False,956.34,0.00915685574979189,Medium,Excellent
,2016-07-29 06:22:22+00:00,8.37,,0.949,8.99,928.0,2.44,1.034,11.42,29,,82.2,64.2,,29,6,382,Friday,7,2016-07-29,False,959.22,0.009019396551724138,High,Excellent
,2016-07-29 06:23:22+00:00,8.47,,0.957,9.52,923.49,2.44,1.035,11.52,29,,82.7,64.2,,29,6,383,Friday,7,2016-07-29,False,955.44,0.00917172898461272,Medium,Excellent
,2016-07-29 06:24:21+00:00,8.37,,0.958,9.64,923.09,2.46,1.035,11.52,29,,82.8,64.2,,29,6,384,Friday,7,2016-07-29,False,955.08,0.00906737154556977,Medium,Excellent
,2016-07-29 06:25:22+00:00,7.97,,0.95,9.32,922.73,2.44,1.034,11.22,29,,82.7,64.3,,29,6,385,Friday,7,2016-07-29,False,953.6800000000001,0.008637412894346125,Medium,Excellent
,2016-07-29 06:26:21+00:00,8.27,,0.956,9.22,922.71,2.46,1.034,11.22,29,,82.7,64.4,,29,6,386,Friday,7,2016-07-29,False,953.8800000000001,0.00896272935158392,Medium,Excellent
,2016-07-29 06:27:21+00:00,8.77,,0.961,8.52,928.03,2.44,1.034,11.62,29,,82.8,64.5,,29,6,387,Friday,7,2016-07-29,False,959.38,0.009450125534734868,High,Excellent
,2016-07-29 06:28:22+00:00,9.07,,0.965,8.54,926.3,2.44,1.034,11.62,29,,83.2,64.5,,29,6,388,Friday,7,2016-07-29,False,957.97,0.009791644175752996,High,Excellent
,2016-07-29 06:29:22+00:00,9.67,,0.961,8.69,926.15,2.44,1.035,11.42,29,,83.4,64.6,,29,6,389,Friday,7,2016-07-29,False,958.37,0.010441073260271015,High,Excellent
,2016-07-29 06:30:21+00:00,10.17,,0.967,8.69,927.74,2.41,1.035,11.42,29,,83.8,64.7,,29,6,390,Friday,7,2016-07-29,False,960.43,0.010962123008601547,High,Excellent
,2016-07-29 06:31:24+00:00,10.47,,0.964,8.19,925.57,2.41,1.035,11.12,29,,84.1,64.8,,29,6,391,Friday,7,2016-07-29,False,957.76,0.01131194831293149,High,Excellent
,2016-07-29 06:32:21+00:00,10.87,,0.965,8.14,925.98,2.46,1.035,11.12,29,,84.1,64.8,,29,6,392,Friday,7,2016-07-29,False,958.57,0.01173891444739627,High,Excellent
,2016-07-29 06:33:21+00:00,11.67,,0.96,7.52,922.42,2.44,1.036,11.52,29,,84.4,64.8,,29,6,393,Friday,7,2016-07-29,False,955.5699999999999,0.012651503653433361,Medium,Excellent
,2016-07-29 06:34:22+00:00,12.17,,0.966,7.62,921.92,2.46,1.037,11.52,29,,84.4,64.8,,29,6,394,Friday,7,2016-07-29,False,955.6899999999999,0.013200711558486638,Medium,Excellent
,2016-07-29 06:35:23+00:00,12.87,,0.968,7.52,923.08,2.44,1.037,11.72,29,,84.4,64.8,,29,6,395,Friday,7,2016-07-29,False,957.6300000000001,0.013942453525154915,High,Excellent
,2016-07-29 06:36:21+00:00,12.87,,0.969,7.52,925.33,2.44,1.037,11.53,29,,84.4,64.8,,29,6,396,Friday,7,2016-07-29,False,959.69,0.013908551543773571,High,Excellent
,2016-07-29 06:37:21+00:00,13.97,,0.974,7.67,924.37,2.41,1.038,11.33,29,,84.1,64.9,,29,6,397,Friday,7,2016-07-29,False,959.75,0.015112995878273852,High,Excellent
,2016-07-29 06:38:21+00:00,14.17,,0.972,7.82,927.84,2.44,1.039,11.32,29,,84.1,64.9,,29,6,398,Friday,7,2016-07-29,False,963.5900000000001,0.015272029660286256,High,Excellent
,2016-07-29 06:39:22+00:00,14.47,,0.971,8.29,930.47,2.44,1.039,11.02,29,,84.4,65.0,,29,6,399,Friday,7,2016-07-29,False,966.69,0.015551280535643277,High,Excellent
,2016-07-29 06:40:22+00:00,15.27,,0.974,8.32,927.61,2.44,1.04,11.03,29,,84.6,65.0,,29,6,400,Friday,7,2016-07-29,False,964.6700000000001,0.016461659533640215,High,Excellent
,2016-07-29 06:41:23+00:00,15.37,,0.973,7.79,923.2,2.44,1.04,11.72,29,,84.6,65.1,,29,6,401,Friday,7,2016-07-29,False,960.5200000000001,0.01664861351819757,High,Excellent
,2016-07-29 06:42:21+00:00,15.57,,0.979,7.84,921.84,2.46,1.041,11.72,29,,84.6,65.1,,29,6,402,Friday,7,2016-07-29,False,959.4300000000001,0.016890132777922416,High,Excellent
,2016-07-29 06:43:22+00:00,16.07,,0.981,8.62,920.63,2.44,1.042,11.92,29,,84.2,65.1,,29,6,403,Friday,7,2016-07-29,False,959.68,0.01745543812389342,High,Excellent
,2016-07-29 06:44:22+00:00,15.67,,0.977,8.69,921.97,2.44,1.042,11.92,29,,84.0,65.1,,29,6,404,Friday,7,2016-07-29,False,960.69,0.016996214627373992,High,Excellent
,2016-07-29 06:45:22+00:00,15.27,,0.974,9.39,925.73,2.44,1.042,11.72,29,,83.6,65.1,,29,6,405,Friday,7,2016-07-29,False,964.5500000000001,0.016495090361120412,High,Excellent
,2016-07-29 06:46:22+00:00,14.97,,0.975,9.42,921.67,2.44,1.042,11.72,29,,83.6,65.0,,29,6,406,Friday,7,2016-07-29,False,960.22,0.016242255905041938,High,Excellent
,2016-07-29 06:47:21+00:00,15.07,,0.975,9.82,919.93,2.44,1.043,12.02,29,,83.6,64.9,,29,6,407,Friday,7,2016-07-29,False,959.28,0.016381681214875047,High,Excellent
,2016-07-29 06:48:20+00:00,15.07,,0.97,9.72,926.97,2.44,1.042,12.02,29,,83.3,64.7,,29,6,408,Friday,7,2016-07-29,False,966.22,0.016257268304260115,High,Excellent
,2016-07-29 06:49:25+00:00,14.37,,0.961,9.42,925.39,2.44,1.041,11.42,29,,83.0,64.7,,29,6,409,Friday,7,2016-07-29,False,963.04,0.01552858794670355,High,Excellent
,2016-07-29 06:50:22+00:00,13.97,,0.953,9.52,926.25,2.44,1.041,11.62,29,,82.8,64.6,,29,6,410,Friday,7,2016-07-29,False,963.8000000000001,0.015082321187584347,High,Excellent
,2016-07-29 06:51:21+00:00,12.87,,0.934,8.89,927.88,2.44,1.039,12.02,29,,82.6,64.6,,29,6,411,Friday,7,2016-07-29,False,964.1,0.013870328059662887,High,Excellent
,2016-07-29 06:52:21+00:00,12.27,,0.931,8.94,928.43,2.46,1.038,11.72,29,,82.3,64.6,,29,6,412,Friday,7,2016-07-29,False,963.82,0.013215859030837005,High,Excellent
,2016-07-29 06:53:21+00:00,11.77,,0.919,8.84,928.42,2.44,1.037,11.62,29,,82.3,64.6,,29,6,413,Friday,7,2016-07-29,False,963.09,0.012677452015251719,High,Excellent
,2016-07-29 06:54:21+00:00,11.27,,0.908,8.79,918.86,2.44,1.037,11.62,29,,82.5,64.6,,29,6,414,Friday,7,2016-07-29,False,952.98,0.012265198180353916,Medium,Excellent
,2016-07-29 06:55:22+00:00,11.17,,0.912,8.24,925.29,2.46,1.037,11.92,29,,82.7,64.6,,29,6,415,Friday,7,2016-07-29,False,959.0799999999999,0.012071890974721439,High,Excellent
,2016-07-29 06:56:21+00:00,11.17,,0.916,8.22,926.55,2.46,1.036,11.22,29,,82.7,64.6,,29,6,416,Friday,7,2016-07-29,False,959.62,0.012055474610112785,High,Excellent
,2016-07-29 06:57:21+00:00,10.77,,0.914,8.04,928.15,2.44,1.034,10.72,29,,83.1,64.6,,29,6,417,Friday,7,2016-07-29,False,960.12,0.011603727845714593,High,Excellent
,2016-07-29 06:58:22+00:00,10.77,,0.922,7.89,923.61,2.44,1.035,11.12,29,,83.0,64.6,,29,6,418,Friday,7,2016-07-29,False,955.83,0.01166076590768831,Medium,Excellent
,2016-07-29 06:59:23+00:00,10.77,,0.936,8.24,924.75,2.46,1.036,12.12,29,,83.1,64.6,,29,6,419,Friday,7,2016-07-29,False,958.34,0.01164639091646391,High,Excellent
,2016-07-29 07:00:22+00:00,10.87,,0.934,8.34,924.55,2.46,1.037,12.12,29,,83.2,64.6,,29,7,420,Friday,7,2016-07-29,False,958.34,0.01175707100751717,High,Excellent
,2016-07-29 07:01:21+00:00,10.87,,0.949,8.91,923.91,2.41,1.037,11.92,29,,83.1,64.5,,29,7,421,Friday,7,2016-07-29,False,958.0199999999999,0.011765215226591335,High,Excellent
,2016-07-29 07:02:21+00:00,10.97,,0.947,8.81,926.34,2.44,1.037,11.72,29,,83.3,64.6,,29,7,422,Friday,7,2016-07-29,False,960.2800000000001,0.011842304121596823,High,Excellent
,2016-07-29 07:03:22+00:00,11.37,,0.958,8.42,923.97,2.46,1.037,11.82,29,,83.3,64.6,,29,7,423,Friday,7,2016-07-29,False,958.0400000000001,0.01230559433747849,High,Excellent
,2016-07-29 07:04:22+00:00,11.67,,0.961,8.36,927.53,2.46,1.037,11.82,29,,83.4,64.6,,29,7,424,Friday,7,2016-07-29,False,961.84,0.012581803283990814,High,Excellent
,2016-07-29 07:05:24+00:00,11.97,,0.951,8.22,923.61,2.46,1.037,11.42,29,,83.3,64.6,,29,7,425,Friday,7,2016-07-29,False,957.6800000000001,0.0129600155909962,High,Excellent
,2016-07-29 07:06:21+00:00,11.97,,0.956,8.11,926.26,2.44,1.037,11.42,29,,83.4,64.6,,29,7,426,Friday,7,2016-07-29,False,960.2,0.012922937404184572,High,Excellent
,2016-07-29 07:07:22+00:00,12.97,,0.966,8.52,924.28,2.44,1.038,11.22,29,,83.4,64.7,,29,7,427,Friday,7,2016-07-29,False,959.4300000000001,0.014032544250659975,High,Excellent
,2016-07-29 07:08:21+00:00,13.07,,0.966,8.64,926.21,2.46,1.038,11.22,29,,83.6,64.6,,29,7,428,Friday,7,2016-07-29,False,961.6000000000001,0.014111270662160849,High,Excellent
,2016-07-29 07:09:22+00:00,13.47,,0.962,8.69,924.77,2.41,1.039,11.72,29,,83.6,64.7,,29,7,429,Friday,7,2016-07-29,False,961.06,0.014565783924651536,High,Excellent
,2016-07-29 07:10:23+00:00,13.67,,0.961,8.59,926.18,2.44,1.039,11.23,29,,83.6,64.7,,29,7,430,Friday,7,2016-07-29,False,962.11,0.01475954997948563,High,Excellent
,2016-07-29 07:11:21+00:00,14.27,,0.963,9.72,926.65,2.44,1.041,11.42,29,,83.9,64.7,,29,7,431,Friday,7,2016-07-29,False,964.5,0.015399557545999028,High,Excellent
,2016-07-29 07:12:21+00:00,14.27,,0.961,9.69,925.97,2.44,1.041,11.42,29,,84.0,64.7,,29,7,432,Friday,7,2016-07-29,False,963.7900000000001,0.015410866442757324,High,Excellent
,2016-07-29 07:13:21+00:00,14.17,,0.962,8.49,926.21,2.44,1.04,11.52,29,,84.1,64.8,,29,7,433,Friday,7,2016-07-29,False,962.83,0.015298906295548526,High,Excellent
,2016-07-29 07:14:22+00:00,14.17,,0.958,8.54,926.4,2.46,1.04,11.52,29,,84.3,64.8,,29,7,434,Friday,7,2016-07-29,False,963.09,0.015295768566493955,High,Excellent
,2016-07-29 07:15:22+00:00,14.27,,0.966,7.99,923.9,2.44,1.04,11.82,29,,84.3,64.8,,29,7,435,Friday,7,2016-07-29,False,960.4200000000001,0.015445394523216797,High,Excellent
,2016-07-29 07:16:21+00:00,14.17,,0.965,8.04,922.41,2.46,1.04,11.82,29,,84.5,64.9,,29,7,436,Friday,7,2016-07-29,False,958.9000000000001,0.015361932329441354,High,Excellent
,2016-07-29 07:17:21+00:00,14.17,,0.96,7.42,922.2,2.44,1.038,11.42,29,,84.6,64.9,,29,7,437,Friday,7,2016-07-29,False,957.6500000000001,0.015365430492301019,High,Excellent
,2016-07-29 07:18:21+00:00,14.47,,0.964,7.52,921.86,2.44,1.039,11.42,29,,84.7,64.9,,29,7,438,Friday,7,2016-07-29,False,957.71,0.015696526587551256,High,Excellent
,2016-07-29 07:19:22+00:00,14.67,,0.973,7.92,921.51,2.44,1.04,11.92,29,,84.9,65.0,,29,7,439,Friday,7,2016-07-29,False,958.46,0.015919523390956147,High,Excellent
,2016-07-29 07:20:22+00:00,14.67,,0.975,7.84,925.15,2.44,1.04,11.92,29,,85.1,64.9,,29,7,440,Friday,7,2016-07-29,False,962.02,0.01585688807220451,High,Excellent
,2016-07-29 07:21:22+00:00,14.47,,0.977,8.52,924.16,2.44,1.04,11.22,29,,85.1,64.9,,29,7,441,Friday,7,2016-07-29,False,960.8100000000001,0.01565746191135734,High,Excellent
,2016-07-29 07:22:20+00:00,14.47,,0.98,8.54,923.32,2.46,1.04,11.92,29,,85.1,64.9,,29,7,442,Friday,7,2016-07-29,False,960.71,0.015671706450634666,High,Excellent
,2016-07-29 07:23:20+00:00,14.87,,0.984,8.82,922.72,2.44,1.041,11.82,29,,84.8,64.9,,29,7,443,Friday,7,2016-07-29,False,960.6700000000002,0.016115397953875496,High,Excellent
,2016-07-29 07:24:22+00:00,15.17,,0.981,8.72,926.19,2.46,1.041,11.82,29,,84.6,64.9,,29,7,444,Friday,7,2016-07-29,False,964.3600000000001,0.01637892872952634,High,Excellent
,2016-07-29 07:25:22+00:00,15.17,,0.979,9.72,919.17,2.44,1.042,11.43,29,,84.5,64.8,,29,7,445,Friday,7,2016-07-29,False,957.93,0.016504019931024728,High,Excellent
,2016-07-29 07:26:22+00:00,15.47,,0.974,9.79,918.75,2.44,1.043,11.42,29,,84.5,64.8,,29,7,446,Friday,7,2016-07-29,False,957.87,0.01683809523809524,High,Excellent
,2016-07-29 07:27:21+00:00,15.77,,0.977,9.22,923.2,2.46,1.042,11.72,29,,84.2,64.8,,29,7,447,Friday,7,2016-07-29,False,962.3700000000001,0.017081889081455803,High,Excellent
,2016-07-29 07:28:30+00:00,15.77,,0.983,9.22,918.43,2.46,1.043,11.72,29,,84.1,64.8,,29,7,448,Friday,7,2016-07-29,False,957.6,0.017170606360854938,High,Excellent
,2016-07-29 07:29:22+00:00,15.67,,0.979,8.64,917.42,2.46,1.042,11.62,29,,84.1,64.8,,29,7,449,Friday,7,2016-07-29,False,955.8100000000001,0.017080508382202264,Medium,Excellent
,2016-07-29 07:30:22+00:00,15.67,,0.983,8.59,918.97,2.44,1.042,11.62,29,,84.4,64.7,,29,7,450,Friday,7,2016-07-29,False,957.2900000000001,0.01705169918495707,High,Excellent
,2016-07-29 07:31:22+00:00,15.77,,0.98,7.99,921.97,2.44,1.041,11.32,29,,84.4,64.7,,29,7,451,Friday,7,2016-07-29,False,959.4900000000001,0.01710467802639999,High,Excellent
,2016-07-29 07:32:21+00:00,15.37,,0.972,8.02,921.98,2.44,1.04,11.42,29,,84.4,64.7,,29,7,452,Friday,7,2016-07-29,False,959.23,0.016670643614828954,High,Excellent
,2016-07-29 07:33:21+00:00,15.27,,0.971,7.92,922.2,2.46,1.04,11.12,29,,84.4,64.6,,29,7,453,Friday,7,2016-07-29,False,958.9700000000001,0.016558230318802863,High,Excellent
,2016-07-29 07:34:22+00:00,15.37,,0.965,7.84,920.07,2.44,1.04,11.12,29,,84.2,64.6,,29,7,454,Friday,7,2016-07-29,False,956.8400000000001,0.016705250687447694,High,Excellent
,2016-07-29 07:35:24+00:00,15.27,,0.969,8.22,921.72,2.44,1.041,12.12,29,,83.9,64.6,,29,7,455,Friday,7,2016-07-29,False,959.7700000000001,0.016566853274313238,High,Excellent
,2016-07-29 07:36:22+00:00,15.27,,0.968,8.19,919.42,2.41,1.041,12.12,29,,83.8,64.5,,29,7,456,Friday,7,2016-07-29,False,957.41,0.016608296534771923,High,Excellent
,2016-07-29 07:37:21+00:00,14.87,,0.971,8.44,921.06,2.44,1.041,11.82,29,,83.6,64.5,,29,7,457,Friday,7,2016-07-29,False,958.63,0.016144442273033244,High,Excellent
,2016-07-29 07:38:21+00:00,14.87,,0.969,8.42,923.02,2.44,1.041,11.82,29,,83.7,64.6,,29,7,458,Friday,7,2016-07-29,False,960.57,0.016110160126541137,High,Excellent
,2016-07-29 07:39:22+00:00,13.97,,0.963,9.19,922.66,2.41,1.04,11.73,29,,83.7,64.6,,29,7,459,Friday,7,2016-07-29,False,959.9599999999999,0.015141005354084929,High,Excellent
,2016-07-29 07:40:22+00:00,14.07,,0.962,9.12,922.02,2.44,1.041,11.73,29,,83.6,64.6,,29,7,460,Friday,7,2016-07-29,False,959.3800000000001,0.015259972668705669,High,Excellent
,2016-07-29 07:41:22+00:00,14.27,,0.961,9.82,919.77,2.46,1.041,11.12,29,,83.5,64.7,,29,7,461,Friday,7,2016-07-29,False,957.44,0.01551474825228046,High,Excellent
,2016-07-29 07:42:22+00:00,13.97,,0.951,9.72,918.24,2.44,1.041,11.12,29,,83.6,64.7,,29,7,462,Friday,7,2016-07-29,False,955.4900000000001,0.015213887436835686,Medium,Excellent
,2016-07-29 07:43:21+00:00,13.67,,0.95,8.74,917.74,2.46,1.039,11.02,29,,83.6,64.7,,29,7,463,Friday,7,2016-07-29,False,953.63,0.014895286246649377,Medium,Excellent
,2016-07-29 07:44:22+00:00,13.57,,0.947,8.62,918.97,2.44,1.039,11.02,29,,83.5,64.8,,29,7,464,Friday,7,2016-07-29,False,954.6200000000001,0.014766532095715856,Medium,Excellent
,2016-07-29 07:45:22+00:00,13.67,,0.941,8.37,919.46,2.41,1.039,11.42,29,,83.7,64.8,,29,7,465,Friday,7,2016-07-29,False,955.3299999999999,0.01486742218258543,Medium,Excellent
,2016-07-29 07:46:22+00:00,13.67,,0.94,8.44,921.8,2.46,1.039,11.42,29,,83.4,64.9,,29,7,466,Friday,7,2016-07-29,False,957.79,0.014829681058798004,High,Excellent
,2016-07-29 07:47:21+00:00,13.27,,0.94,9.02,921.56,2.44,1.04,11.82,29,,83.3,64.9,,29,7,467,Friday,7,2016-07-29,False,958.11,0.014399496505924737,High,Excellent
,2016-07-29 07:48:21+00:00,13.37,,0.949,9.06,920.13,2.44,1.04,11.82,29,,83.1,65.0,,29,7,468,Friday,7,2016-07-29,False,956.82,0.014530555464988642,High,Excellent
,2016-07-29 07:49:22+00:00,13.47,,0.939,8.89,924.52,2.44,1.039,11.02,29,,83.2,65.0,,29,7,469,Friday,7,2016-07-29,False,960.34,0.014569722666897418,High,Excellent
,2016-07-29 07:50:23+00:00,12.67,,0.94,8.69,920.87,2.44,1.038,11.62,29,,83.0,65.0,,29,7,470,Friday,7,2016-07-29,False,956.2900000000001,0.013758728159240717,Medium,Excellent
,2016-07-29 07:51:21+00:00,12.67,,0.953,8.14,921.12,2.44,1.038,11.82,29,,83.0,65.0,,29,7,471,Friday,7,2016-07-29,False,956.1900000000002,0.013754993920444675,Medium,Excellent
,2016-07-29 07:52:22+00:00,12.57,,0.944,8.21,919.41,2.41,1.038,11.82,29,,82.9,65.0,,29,7,472,Friday,7,2016-07-29,False,954.42,0.013671811270271153,Medium,Excellent
,2016-07-29 07:53:22+00:00,12.77,,0.946,8.09,919.19,2.41,1.038,11.23,29,,82.9,65.0,,29,7,473,Friday,7,2016-07-29,False,953.69,0.013892666369303407,Medium,Excellent
,2016-07-29 07:54:21+00:00,12.77,,0.948,8.21,916.27,2.41,1.038,11.22,29,,82.9,65.0,,29,7,474,Friday,7,2016-07-29,False,950.88,0.013936939984938937,Medium,Excellent
,2016-07-29 07:55:22+00:00,12.67,,0.947,7.61,917.85,2.44,1.037,11.12,29,,83.0,65.0,,29,7,475,Friday,7,2016-07-29,False,951.69,0.013803998474696301,Medium,Excellent
,2016-07-29 07:56:22+00:00,12.77,,0.939,7.74,916.09,2.44,1.037,11.12,29,,83.0,65.0,,29,7,476,Friday,7,2016-07-29,False,950.1600000000001,0.013939678415876169,Medium,Excellent
,2016-07-29 07:57:21+00:00,12.87,,0.94,8.52,916.48,2.44,1.039,12.12,29,,83.2,65.0,,29,7,477,Friday,7,2016-07-29,False,952.4300000000001,0.014042859636871506,Medium,Excellent
,2016-07-29 07:58:22+00:00,12.77,,0.936,8.49,916.73,2.44,1.039,12.12,29,,83.1,65.0,,29,7,478,Friday,7,2016-07-29,False,952.5500000000001,0.013929946658230885,Medium,Excellent
,2016-07-29 07:59:22+00:00,12.97,,0.935,9.44,918.37,2.46,1.04,11.52,29,,83.0,65.0,,29,7,479,Friday,7,2016-07-29,False,954.76,0.014122848089549965,Medium,Excellent
,2016-07-29 08:00:23+00:00,12.87,,0.933,9.39,917.94,2.41,1.039,11.52,29,,83.1,65.0,,29,8,480,Friday,7,2016-07-29,False,954.13,0.014020524217269102,Medium,Excellent
,2016-07-29 08:01:23+00:00,13.07,,0.935,8.92,919.61,2.44,1.039,11.82,29,,83.0,65.1,,29,8,481,Friday,7,2016-07-29,False,955.8600000000001,0.014212546623024978,Medium,Excellent
,2016-07-29 08:02:21+00:00,12.87,,0.936,8.94,921.06,2.46,1.039,11.92,29,,83.1,65.1,,29,8,482,Friday,7,2016-07-29,False,957.2499999999999,0.013973031072894274,High,Excellent
,2016-07-29 08:03:21+00:00,12.77,,0.939,8.79,919.53,2.44,1.039,11.72,29,,83.2,65.2,,29,8,483,Friday,7,2016-07-29,False,955.25,0.013887529498765674,Medium,Excellent
,2016-07-29 08:04:21+00:00,12.97,,0.943,8.86,920.18,2.46,1.039,11.72,29,,83.2,65.1,,29,8,484,Friday,7,2016-07-29,False,956.19,0.014095068356191181,Medium,Excellent
,2016-07-29 08:05:24+00:00,13.37,,0.949,8.56,917.98,2.46,1.039,11.52,29,,83.0,65.1,,29,8,485,Friday,7,2016-07-29,False,953.89,0.014564587463779166,Medium,Excellent
,2016-07-29 08:06:22+00:00,13.57,,0.955,8.56,916.51,2.46,1.039,11.52,29,,83.2,65.0,,29,8,486,Friday,7,2016-07-29,False,952.62,0.014806166872156332,Medium,Excellent
,2016-07-29 08:07:22+00:00,13.57,,0.954,8.11,918.01,2.41,1.039,11.92,29,,83.0,65.0,,29,8,487,Friday,7,2016-07-29,False,954.0199999999999,0.014781974052570234,Medium,Excellent
,2016-07-29 08:08:21+00:00,13.57,,0.955,8.04,916.97,2.46,1.039,11.42,29,,83.0,65.0,,29,8,488,Friday,7,2016-07-29,False,952.46,0.014798739326259311,Medium,Excellent
,2016-07-29 08:09:22+00:00,14.37,,0.953,7.89,917.25,2.41,1.039,10.82,29,,83.0,65.0,,29,8,489,Friday,7,2016-07-29,False,952.74,0.015666394112837285,Medium,Excellent
,2016-07-29 08:10:24+00:00,14.37,,0.955,7.99,922.6,2.44,1.039,10.82,29,,83.4,65.0,,29,8,490,Friday,7,2016-07-29,False,958.2200000000001,0.015575547366139171,High,Excellent
,2016-07-29 08:11:21+00:00,14.27,,0.951,8.54,916.98,2.46,1.04,11.52,29,,83.5,65.0,,29,8,491,Friday,7,2016-07-29,False,953.77,0.01556195336866671,Medium,Excellent
,2016-07-29 08:12:21+00:00,14.27,,0.943,8.49,919.78,2.44,1.04,11.62,29,,83.4,65.0,,29,8,492,Friday,7,2016-07-29,False,956.6,0.015514579573376243,Medium,Excellent
,2016-07-29 08:13:21+00:00,14.77,,0.942,8.84,916.4,2.46,1.041,11.42,29,,83.4,65.0,,29,8,493,Friday,7,2016-07-29,False,953.89,0.016117415975556524,Medium,Excellent
,2016-07-29 08:14:23+00:00,14.67,,0.948,8.84,918.94,2.46,1.041,11.42,29,,83.4,65.1,,29,8,494,Friday,7,2016-07-29,False,956.33,0.015964045530720176,Medium,Excellent
,2016-07-29 08:15:23+00:00,14.67,,0.948,8.22,917.69,2.44,1.04,11.52,29,,83.4,65.2,,29,8,495,Friday,7,2016-07-29,False,954.5400000000001,0.015985790408525755,Medium,Excellent
,2016-07-29 08:16:24+00:00,14.77,,0.943,8.17,915.8,2.41,1.04,11.53,29,,83.1,65.2,,29,8,496,Friday,7,2016-07-29,False,952.68,0.016127975540511028,Medium,Excellent
,2016-07-29 08:17:21+00:00,14.67,,0.949,8.52,917.72,2.44,1.04,11.43,29,,83.1,65.2,,29,8,497,Friday,7,2016-07-29,False,954.7800000000001,0.015985267837684697,Medium,Excellent
,2016-07-29 08:18:21+00:00,14.37,,0.95,8.42,918.0,2.44,1.04,11.42,29,,83.2,65.2,,29,8,498,Friday,7,2016-07-29,False,954.65,0.01565359477124183,Medium,Excellent
,2016-07-29 08:19:22+00:00,14.47,,0.945,9.04,918.84,2.46,1.041,11.83,29,,83.0,65.2,,29,8,499,Friday,7,2016-07-29,False,956.6400000000001,0.01574811719124113,Medium,Excellent
,2016-07-29 08:20:25+00:00,14.57,,0.943,9.04,918.75,2.44,1.041,11.62,29,,82.9,65.1,,29,8,500,Friday,7,2016-07-29,False,956.4200000000001,0.015858503401360545,Medium,Excellent
,2016-07-29 08:21:21+00:00,14.07,,0.945,8.92,917.8,2.44,1.04,11.32,29,,82.9,65.2,,29,8,501,Friday,7,2016-07-29,False,954.5500000000001,0.015330137284811507,Medium,Excellent
,2016-07-29 08:22:22+00:00,14.07,,0.939,8.92,917.37,2.44,1.04,11.32,29,,82.7,65.2,,29,8,502,Friday,7,2016-07-29,False,954.1200000000001,0.015337322999444063,Medium,Excellent
,2016-07-29 08:23:20+00:00,13.57,,0.945,8.99,918.09,2.44,1.04,11.72,29,,82.7,65.2,,29,8,503,Friday,7,2016-07-29,False,954.8100000000002,0.014780685989391019,Medium,Excellent
,2016-07-29 08:24:22+00:00,13.57,,0.944,9.02,918.98,2.44,1.04,11.72,29,,82.4,65.2,,29,8,504,Friday,7,2016-07-29,False,955.7300000000001,0.01476637141178263,Medium,Excellent
,2016-07-29 08:25:22+00:00,13.47,,0.945,8.32,917.79,2.46,1.039,11.12,29,,82.2,65.3,,29,8,505,Friday,7,2016-07-29,False,953.16,0.014676559997385024,Medium,Excellent
,2016-07-29 08:26:21+00:00,13.37,,0.945,8.39,918.3,2.44,1.038,11.12,29,,82.1,65.3,,29,8,506,Friday,7,2016-07-29,False,953.62,0.014559512142001525,Medium,Excellent
,2016-07-29 08:27:22+00:00,12.87,,0.947,8.29,919.46,2.41,1.038,11.42,29,,81.9,65.3,,29,8,507,Friday,7,2016-07-29,False,954.4499999999999,0.013997346268461922,Medium,Excellent
,2016-07-29 08:28:22+00:00,12.87,,0.948,8.02,918.11,2.44,1.038,11.32,29,,81.7,65.3,,29,8,508,Friday,7,2016-07-29,False,952.7600000000001,0.014017928134972933,Medium,Excellent
,2016-07-29 08:29:23+00:00,12.77,,0.942,7.64,915.14,2.44,1.037,11.32,29,,81.7,65.3,,29,8,509,Friday,7,2016-07-29,False,949.3100000000001,0.013954149091942217,Medium,Excellent
,2016-07-29 08:30:22+00:00,12.47,,0.943,7.69,920.25,2.41,1.037,11.32,29,,81.7,65.3,,29,8,510,Friday,7,2016-07-29,False,954.14,0.013550665580005434,Medium,Excellent
,2016-07-29 08:31:23+00:00,12.27,,0.946,8.22,918.16,2.46,1.038,11.62,29,,81.5,65.2,,29,8,511,Friday,7,2016-07-29,False,952.73,0.013363683889518167,Medium,Excellent
,2016-07-29 08:32:21+00:00,12.37,,0.938,8.19,917.5,2.41,1.038,11.62,29,,81.5,65.0,,29,8,512,Friday,7,2016-07-29,False,952.0899999999999,0.013482288828337874,Medium,Excellent
,2016-07-29 08:33:20+00:00,12.27,,0.932,8.61,915.3,2.41,1.038,11.32,29,,81.2,65.0,,29,8,513,Friday,7,2016-07-29,False,949.91,0.013405440839069157,Medium,Excellent
,2016-07-29 08:34:22+00:00,12.27,,0.947,8.76,914.91,2.46,1.038,11.42,29,,81.0,64.9,,29,8,514,Friday,7,2016-07-29,False,949.8199999999999,0.01341115519559301,Medium,Excellent
,2016-07-29 08:35:22+00:00,12.07,,0.943,9.29,915.4,2.41,1.038,11.42,29,,80.6,64.8,,29,8,515,Friday,7,2016-07-29,False,950.5899999999999,0.013185492680795281,Medium,Excellent
,2016-07-29 08:36:21+00:00,12.07,,0.934,9.19,913.96,2.44,1.038,11.42,29,,80.4,64.8,,29,8,516,Friday,7,2016-07-29,False,949.08,0.01320626723270165,Medium,Excellent
,2016-07-29 08:37:22+00:00,11.77,,0.949,8.82,914.77,2.46,1.038,11.72,29,,80.2,64.7,,29,8,517,Friday,7,2016-07-29,False,949.5400000000001,0.012866622211047585,Medium,Excellent
,2016-07-29 08:38:21+00:00,11.57,,0.953,8.92,915.9,2.46,1.038,12.02,29,,80.3,64.7,,29,8,518,Friday,7,2016-07-29,False,950.87,0.01263238344797467,Medium,Excellent
,2016-07-29 08:39:22+00:00,11.47,,0.956,8.16,918.28,2.46,1.037,12.22,29,,80.6,64.6,,29,8,519,Friday,7,2016-07-29,False,952.59,0.012490743564054538,Medium,Excellent
,2016-07-29 08:40:22+00:00,11.37,,0.952,8.11,915.44,2.41,1.037,12.22,29,,80.6,64.6,,29,8,520,Friday,7,2016-07-29,False,949.5500000000001,0.012420256925631389,Medium,Excellent
,2016-07-29 08:41:22+00:00,11.17,,0.956,8.61,917.56,2.44,1.036,11.12,29,,80.5,64.7,,29,8,521,Friday,7,2016-07-29,False,950.9,0.012173590827847771,Medium,Excellent
,2016-07-29 08:42:22+00:00,11.17,,0.962,8.64,912.65,2.44,1.037,11.62,29,,80.6,64.6,,29,8,522,Friday,7,2016-07-29,False,946.5200000000001,0.012239083986194051,Medium,Excellent
,2016-07-29 08:43:22+00:00,10.47,,0.965,8.81,912.81,2.44,1.036,11.42,29,,80.6,64.6,,29,8,523,Friday,7,2016-07-29,False,945.9499999999999,0.01147007591941368,Medium,Excellent
,2016-07-29 08:44:22+00:00,10.47,,0.962,8.81,913.31,2.44,1.036,11.42,29,,80.6,64.6,,29,8,524,Friday,7,2016-07-29,False,946.4499999999999,0.01146379652034906,Medium,Excellent
,2016-07-29 08:45:24+00:00,10.57,,0.957,8.44,917.0,2.46,1.036,11.93,29,,80.7,64.6,,29,8,525,Friday,7,2016-07-29,False,950.4,0.011526717557251908,Medium,Excellent
,2016-07-29 08:46:23+00:00,10.57,,0.956,8.41,917.07,2.41,1.036,11.92,29,,80.6,64.6,,29,8,526,Friday,7,2016-07-29,False,950.38,0.011525837722311274,Medium,Excellent
,2016-07-29 08:47:21+00:00,10.17,,0.961,7.92,913.32,2.44,1.036,12.42,29,,80.4,64.6,,29,8,527,Friday,7,2016-07-29,False,946.2700000000001,0.011135199054000788,Medium,Excellent
,2016-07-29 08:48:20+00:00,10.37,,0.97,7.99,913.6,2.44,1.036,11.92,29,,80.5,64.6,,29,8,528,Friday,7,2016-07-29,False,946.32,0.011350700525394044,Medium,Excellent
,2016-07-29 08:49:23+00:00,10.67,,0.969,8.24,914.12,2.44,1.036,11.93,29,,80.6,64.6,,29,8,529,Friday,7,2016-07-29,False,947.4,0.011672428127598127,Medium,Excellent
,2016-07-29 08:50:22+00:00,10.47,,0.964,8.21,917.04,2.44,1.036,11.52,29,,80.7,64.6,,29,8,530,Friday,7,2016-07-29,False,949.68,0.01141716828055483,Medium,Excellent
,2016-07-29 08:51:23+00:00,10.57,,0.969,8.74,915.69,2.44,1.036,11.22,29,,80.7,64.6,,29,8,531,Friday,7,2016-07-29,False,948.6600000000001,0.011543207854186461,Medium,Excellent
,2016-07-29 08:52:21+00:00,10.97,,0.973,8.81,918.04,2.44,1.036,11.22,29,,80.8,64.6,,29,8,532,Friday,7,2016-07-29,False,951.48,0.011949370397804018,Medium,Excellent
,2016-07-29 08:53:21+00:00,10.97,,0.97,8.86,916.69,2.46,1.037,11.62,29,,80.8,64.7,,29,8,533,Friday,7,2016-07-29,False,950.6000000000001,0.011966968113538928,Medium,Excellent
,2016-07-29 08:54:22+00:00,10.77,,0.971,8.94,918.87,2.46,1.037,11.82,29,,80.8,64.7,,29,8,534,Friday,7,2016-07-29,False,952.8600000000001,0.011720918084168598,Medium,Excellent
,2016-07-29 08:55:23+00:00,10.67,,0.967,8.34,919.27,2.44,1.036,11.62,29,,80.8,64.7,,29,8,535,Friday,7,2016-07-29,False,952.34,0.011607036017709705,Medium,Excellent
,2016-07-29 08:56:22+00:00,10.87,,0.965,8.31,917.65,2.44,1.036,11.62,29,,80.8,64.7,,29,8,536,Friday,7,2016-07-29,False,950.89,0.011845474854247261,Medium,Excellent
,2016-07-29 08:57:21+00:00,11.47,,0.963,8.34,917.72,2.44,1.037,11.72,29,,81.0,64.7,,29,8,537,Friday,7,2016-07-29,False,951.69,0.012498365514536024,Medium,Excellent
,2016-07-29 08:58:21+00:00,11.17,,0.967,8.36,918.91,2.46,1.037,11.72,29,,81.2,64.6,,29,8,538,Friday,7,2016-07-29,False,952.62,0.012155706217148579,Medium,Excellent
,2016-07-29 08:59:24+00:00,11.07,,0.967,8.81,916.12,2.41,1.037,11.82,29,,81.3,64.6,,29,8,539,Friday,7,2016-07-29,False,950.23,0.012083569838012488,Medium,Excellent
,2016-07-29 09:00:22+00:00,11.07,,0.969,8.74,916.99,2.46,1.037,11.82,29,,81.4,64.6,,29,9,540,Friday,7,2016-07-29,False,951.08,0.01207210547552318,Medium,Excellent
,2016-07-29 09:01:21+00:00,11.47,,0.967,8.84,916.95,2.46,1.037,11.52,29,,81.4,64.7,,29,9,541,Friday,7,2016-07-29,False,951.24,0.01250886089754076,Medium,Excellent
,2016-07-29 09:02:22+00:00,11.47,,0.967,8.76,916.56,2.46,1.037,11.62,29,,81.3,64.7,,29,9,542,Friday,7,2016-07-29,False,950.87,0.012514183468621804,Medium,Excellent
,2016-07-29 09:03:20+00:00,11.67,,0.959,8.01,915.91,2.44,1.037,12.12,29,,81.3,64.7,,29,9,543,Friday,7,2016-07-29,False,950.15,0.012741426559378105,Medium,Excellent
,2016-07-29 09:04:21+00:00,11.77,,0.961,8.01,915.86,2.44,1.037,12.12,29,,81.3,64.7,,29,9,544,Friday,7,2016-07-29,False,950.2,0.012851309152053807,Medium,Excellent
,2016-07-29 09:05:22+00:00,11.87,,0.961,8.16,915.59,2.46,1.037,11.43,29,,81.2,64.8,,29,9,545,Friday,7,2016-07-29,False,949.51,0.01296431808997477,Medium,Excellent
,2016-07-29 09:06:21+00:00,11.77,,0.954,8.34,916.91,2.46,1.037,11.42,29,,81.0,64.8,,29,9,546,Friday,7,2016-07-29,False,950.9,0.012836592468181173,Medium,Excellent
,2016-07-29 09:07:22+00:00,11.87,,0.956,9.04,916.01,2.44,1.038,11.52,29,,81.1,64.8,,29,9,547,Friday,7,2016-07-29,False,950.88,0.012958373816879728,Medium,Excellent
,2016-07-29 09:08:20+00:00,12.17,,0.956,8.74,913.89,2.41,1.038,11.52,29,,81.1,64.7,,29,9,548,Friday,7,2016-07-29,False,948.7299999999999,0.013316701134709867,Medium,Excellent
,2016-07-29 09:09:23+00:00,12.07,,0.957,8.31,914.13,2.41,1.038,11.52,29,,81.2,64.7,,29,9,549,Friday,7,2016-07-29,False,948.4399999999999,0.013203811274107621,Medium,Excellent
,2016-07-29 09:10:22+00:00,12.47,,0.954,8.36,913.95,2.46,1.038,11.52,29,,81.2,64.7,,29,9,550,Friday,7,2016-07-29,False,948.7600000000001,0.013644072432846436,Medium,Excellent
,2016-07-29 09:11:22+00:00,12.77,,0.958,7.96,915.72,2.46,1.037,11.02,29,,81.0,64.7,,29,9,551,Friday,7,2016-07-29,False,949.9300000000001,0.013945310793692394,Medium,Excellent
,2016-07-29 09:12:21+00:00,12.77,,0.958,8.04,921.02,2.44,1.038,11.52,29,,80.9,64.7,,29,9,552,Friday,7,2016-07-29,False,955.79,0.013865062647933812,Medium,Excellent
,2016-07-29 09:13:22+00:00,12.87,,0.959,7.94,921.85,2.46,1.038,11.72,29,,81.0,64.7,,29,9,553,Friday,7,2016-07-29,False,956.84,0.013961056571025653,High,Excellent
,2016-07-29 09:14:22+00:00,12.87,,0.96,8.04,919.09,2.44,1.038,11.72,29,,80.9,64.6,,29,9,554,Friday,7,2016-07-29,False,954.1600000000001,0.014002981209674786,Medium,Excellent
,2016-07-29 09:15:22+00:00,12.77,,0.96,7.96,923.59,2.44,1.038,11.73,29,,81.2,64.5,,29,9,555,Friday,7,2016-07-29,False,958.4900000000001,0.013826481447395489,High,Excellent
,2016-07-29 09:16:22+00:00,12.87,,0.959,7.94,921.72,2.44,1.038,11.72,29,,81.2,64.5,,29,9,556,Friday,7,2016-07-29,False,956.69,0.013963025647702122,Medium,Excellent
,2016-07-29 09:17:21+00:00,13.27,,0.944,8.09,923.83,2.41,1.039,11.82,29,,81.3,64.4,,29,9,557,Friday,7,2016-07-29,False,959.4200000000001,0.014364114609830812,High,Excellent
,2016-07-29 09:18:22+00:00,13.27,,0.95,8.01,923.94,2.44,1.038,11.82,29,,81.3,64.4,,29,9,558,Friday,7,2016-07-29,False,959.4800000000001,0.014362404485139726,High,Excellent
,2016-07-29 09:19:23+00:00,12.67,,0.945,8.71,922.43,2.44,1.038,11.53,29,,81.3,64.4,,29,9,559,Friday,7,2016-07-29,False,957.78,0.013735459601270558,High,Excellent
,2016-07-29 09:20:24+00:00,12.67,,0.951,8.79,920.88,2.41,1.039,11.73,29,,81.4,64.4,,29,9,560,Friday,7,2016-07-29,False,956.48,0.013758578750760142,Medium,Excellent
,2016-07-29 09:21:22+00:00,12.67,,0.942,9.01,922.02,2.44,1.039,11.42,29,,81.3,64.4,,29,9,561,Friday,7,2016-07-29,False,957.56,0.013741567428038438,High,Excellent
,2016-07-29 09:22:22+00:00,12.57,,0.939,9.06,926.11,2.46,1.038,11.43,29,,81.2,64.4,,29,9,562,Friday,7,2016-07-29,False,961.63,0.01357290170714062,High,Excellent
,2016-07-29 09:23:21+00:00,12.37,,0.945,9.71,925.28,2.44,1.039,11.63,29,,81.3,64.3,,29,9,563,Friday,7,2016-07-29,False,961.4300000000001,0.013368926162891233,High,Excellent
,2016-07-29 09:24:22+00:00,12.47,,0.946,9.76,925.93,2.46,1.039,11.62,29,,81.3,64.3,,29,9,564,Friday,7,2016-07-29,False,962.24,0.013467540742820734,High,Excellent
,2016-07-29 09:25:21+00:00,12.37,,0.94,9.41,924.67,2.44,1.039,11.72,29,,81.5,64.3,,29,9,565,Friday,7,2016-07-29,False,960.61,0.013377745574096704,High,Excellent
,2016-07-29 09:26:21+00:00,12.37,,0.936,9.21,925.68,2.41,1.039,11.72,29,,81.3,64.3,,29,9,566,Friday,7,2016-07-29,False,961.39,0.013363149252441447,High,Excellent
,2016-07-29 09:27:22+00:00,11.87,,0.95,8.81,924.94,2.44,1.037,11.52,29,,81.3,64.3,,29,9,567,Friday,7,2016-07-29,False,959.58,0.012833264860423377,High,Excellent
,2016-07-29 09:28:21+00:00,11.87,,0.95,8.86,921.09,2.46,1.038,11.52,29,,81.2,64.3,,29,9,568,Friday,7,2016-07-29,False,955.8000000000001,0.012886905731253187,Medium,Excellent
,2016-07-29 09:29:23+00:00,11.87,,0.942,9.34,921.15,2.44,1.038,11.32,29,,80.8,64.3,,29,9,569,Friday,7,2016-07-29,False,956.1200000000001,0.012886066330130815,Medium,Excellent
,2016-07-29 09:30:22+00:00,11.47,,0.953,9.29,922.11,2.44,1.037,11.32,29,,80.8,64.3,,29,9,570,Friday,7,2016-07-29,False,956.6300000000001,0.012438863042370216,Medium,Excellent
,2016-07-29 09:31:23+00:00,11.07,,0.95,9.21,921.77,2.41,1.037,11.12,29,,80.8,64.4,,29,9,571,Friday,7,2016-07-29,False,955.5799999999999,0.01200950345530881,Medium,Excellent
,2016-07-29 09:32:21+00:00,10.77,,0.949,8.96,921.42,2.46,1.036,11.12,29,,80.8,64.3,,29,9,572,Friday,7,2016-07-29,False,954.73,0.011688480823077423,Medium,Excellent
,2016-07-29 09:33:20+00:00,10.47,,0.938,8.24,918.98,2.46,1.035,11.22,29,,81.0,64.3,,29,9,573,Friday,7,2016-07-29,False,951.3700000000001,0.011393066225597947,Medium,Excellent
,2016-07-29 09:34:21+00:00,10.37,,0.944,8.21,921.79,2.41,1.035,11.32,29,,81.0,64.4,,29,9,574,Friday,7,2016-07-29,False,954.1,0.011249850833703988,Medium,Excellent
,2016-07-29 09:35:23+00:00,10.17,,0.944,7.94,926.82,2.44,1.034,11.32,29,,80.9,64.3,,29,9,575,Friday,7,2016-07-29,False,958.6900000000002,0.010973004466886774,High,Excellent
,2016-07-29 09:36:22+00:00,9.97,,0.953,7.94,925.34,2.46,1.035,11.62,29,,80.9,64.3,,29,9,576,Friday,7,2016-07-29,False,957.33,0.010774418051743144,High,Excellent
,2016-07-29 09:37:23+00:00,9.87,,0.958,8.64,922.65,2.46,1.036,12.02,29,,81.0,64.3,,29,9,577,Friday,7,2016-07-29,False,955.64,0.010697447569500893,Medium,Excellent
,2016-07-29 09:38:21+00:00,9.67,,0.96,8.84,925.3,2.41,1.036,12.02,29,,80.8,64.3,,29,9,578,Friday,7,2016-07-29,False,958.2399999999999,0.01045066464930293,High,Excellent
,2016-07-29 09:39:22+00:00,9.37,,0.965,9.16,923.43,2.46,1.036,12.22,29,,81.2,64.4,,29,9,579,Friday,7,2016-07-29,False,956.64,0.010146952124145847,Medium,Excellent
,2016-07-29 09:40:21+00:00,9.17,,0.967,9.01,920.68,2.44,1.036,12.22,29,,81.2,64.4,,29,9,580,Friday,7,2016-07-29,False,953.52,0.00996002954338098,Medium,Excellent
,2016-07-29 09:41:22+00:00,9.47,,0.974,8.81,922.82,2.41,1.035,11.92,29,,81.2,64.3,,29,9,581,Friday,7,2016-07-29,False,955.43,0.010262022929715437,Medium,Excellent
,2016-07-29 09:42:22+00:00,9.77,,0.97,8.81,922.28,2.44,1.036,11.92,29,,81.3,64.4,,29,9,582,Friday,7,2016-07-29,False,955.22,0.010593312226221972,Medium,Excellent
,2016-07-29 09:43:21+00:00,9.47,,0.97,8.96,924.73,2.46,1.035,11.72,29,,81.4,64.4,,29,9,583,Friday,7,2016-07-29,False,957.34,0.010240827052220649,High,Excellent
,2016-07-29 09:44:21+00:00,9.37,,0.969,8.94,923.59,2.46,1.035,11.72,29,,80.9,64.4,,29,9,584,Friday,7,2016-07-29,False,956.08,0.010145194296170378,Medium,Excellent
